kp0_x,kp0_y,kp1_x,kp1_y,kp2_x,kp2_y,kp3_x,kp3_y,kp4_x,kp4_y,kp5_x,kp5_y,kp6_x,kp6_y,kp7_x,kp7_y,kp8_x,kp8_y,kp9_x,kp9_y,kp10_x,kp10_y,kp11_x,kp11_y,kp12_x,kp12_y,kp13_x,kp13_y,kp14_x,kp14_y,kp15_x,kp15_y,kp16_x,kp16_y,kp17_x,kp17_y,kp18_x,kp18_y,kp19_x,kp19_y,kp20_x,kp20_y,kp21_x,kp21_y,kp22_x,kp22_y,kp23_x,kp23_y,kp24_x,kp24_y,kp25_x,kp25_y,kp26_x,kp26_y,kp27_x,kp27_y,kp28_x,kp28_y,kp29_x,kp29_y,kp30_x,kp30_y,kp31_x,kp31_y,kp32_x,kp32_y,label
0.5696027278900146,0.7380411028862,0.569327712059021,0.7246134877204895,0.5703790187835693,0.7239214181900024,0.571461021900177,0.7232192754745483,0.5656529664993286,0.7258132100105286,0.5639883279800415,0.7261800765991211,0.5622183680534363,0.7266188859939575,0.569571852684021,0.7248252034187317,0.5573506951332092,0.7296605110168457,0.5709341168403625,0.74619060754776,0.5656728744506836,0.7481700778007507,0.5720805525779724,0.7616068720817566,0.5461540222167969,0.7894554734230042,0.5682586431503296,0.7897059917449951,0.5376338958740234,0.84815514087677,0.5527328848838806,0.7893275022506714,0.5436168313026428,0.8184685707092285,0.5481346845626831,0.7892675995826721,0.5453630089759827,0.8120831251144409,0.5470889806747437,0.7917054295539856,0.5455346703529358,0.8001194000244141,0.5480332970619202,0.7933882474899292,0.5456499457359314,0.8017963171005249,0.5721938014030457,0.9038563370704651,0.5582846999168396,0.9237629175186157,0.5706337690353394,0.8752675652503967,0.5552782416343689,0.8779648542404175,0.5745415091514587,0.9018411040306091,0.5669284462928772,0.9105531573295593,0.5719947218894958,0.9035342335700989,0.5659297108650208,0.9113693833351135,0.5812017321586609,0.9205629229545593,0.5774737596511841,0.9280211925506592,1
0.5680519342422485,0.6878475546836853,0.5669866800308228,0.6743327975273132,0.5673930644989014,0.6732889413833618,0.5678289532661438,0.6722043752670288,0.5648525953292847,0.6761325597763062,0.5637376308441162,0.6763248443603516,0.5624936819076538,0.6766026020050049,0.5652709603309631,0.670137882232666,0.5579381585121155,0.6764395236968994,0.568282425403595,0.694594144821167,0.5653395056724548,0.6966633200645447,0.5685988068580627,0.7007170915603638,0.5488205552101135,0.7268091440200806,0.5738646388053894,0.7090485095977783,0.5460790395736694,0.7632783651351929,0.5643336772918701,0.7236810922622681,0.5529433488845825,0.7253498435020447,0.5610177516937256,0.7256647944450378,0.5547475218772888,0.715771496295929,0.5601394772529602,0.7310402989387512,0.5541740655899048,0.7066390514373779,0.5607232451438904,0.7320780754089355,0.554269552230835,0.7099443078041077,0.5756128430366516,0.8588104248046875,0.5639742612838745,0.8770869970321655,0.5697322487831116,0.8216776251792908,0.5548977851867676,0.8056288361549377,0.5707395076751709,0.8455390334129333,0.5663540363311768,0.8346231579780579,0.5669560432434082,0.8463720679283142,0.5640101432800293,0.8361249566078186,0.5785827040672302,0.8609550595283508,0.577740490436554,0.8487057685852051,1
0.5722993016242981,0.7612622976303101,0.5743778944015503,0.7432647943496704,0.5762938857078552,0.7420017719268799,0.5782471895217896,0.7407384514808655,0.5684635043144226,0.7434199452400208,0.5659860372543335,0.7425196766853333,0.56340092420578,0.7416698336601257,0.5773131847381592,0.7325838208198547,0.5567397475242615,0.7346386313438416,0.5734095573425293,0.7658064961433411,0.5657705068588257,0.7661282420158386,0.5802388191223145,0.7500066161155701,0.5335314869880676,0.7744228839874268,0.5874320268630981,0.7758293747901917,0.5181039571762085,0.8227208852767944,0.582796573638916,0.7834151983261108,0.5298912525177002,0.7524331212043762,0.5830116868019104,0.7892913222312927,0.532336413860321,0.7384514808654785,0.5808032155036926,0.7888199090957642,0.5330262184143066,0.7238537669181824,0.5793250799179077,0.7883894443511963,0.533100426197052,0.7294038534164429,0.5711960196495056,0.898002564907074,0.5475878119468689,0.912503182888031,0.5706751346588135,0.9058185815811157,0.5486723184585571,0.9037014245986938,0.5710344910621643,0.9319750666618347,0.5583362579345703,0.9423547983169556,0.5691603422164917,0.9356738924980164,0.5592451691627502,0.9485661387443542,0.5718545913696289,0.9548760652542114,0.5649718642234802,0.9605705142021179,1
0.5666967034339905,0.6899372339248657,0.5672687888145447,0.6728366613388062,0.5684828758239746,0.672258198261261,0.5697513222694397,0.6716539859771729,0.5634720325469971,0.6723729372024536,0.561803936958313,0.6714931726455688,0.5599637627601624,0.670676589012146,0.5686888098716736,0.6683650612831116,0.555260956287384,0.6677163243293762,0.5679749846458435,0.6982143521308899,0.5627734661102295,0.6976391077041626,0.5798053741455078,0.7044110298156738,0.5394143462181091,0.7107391953468323,0.6070592403411865,0.7428457140922546,0.5282367467880249,0.7435505986213684,0.6048218607902527,0.7927399277687073,0.5346847176551819,0.7210389375686646,0.6057752370834351,0.8102514743804932,0.5354345440864563,0.7189211845397949,0.6011483073234558,0.8119059205055237,0.5355089902877808,0.7139884233474731,0.5993441939353943,0.807848334312439,0.536417543888092,0.7187502384185791,0.5738821625709534,0.8791166543960571,0.5519183874130249,0.8811847567558289,0.5764229893684387,0.791938304901123,0.5507710576057434,0.7464774250984192,0.5804263353347778,0.8272854089736938,0.5725648403167725,0.8228524327278137,0.578864574432373,0.83041912317276,0.575071394443512,0.8358720541000366,0.5840331315994263,0.8489908576011658,0.5797804594039917,0.8439384698867798,1
0.5711288452148438,0.7247387766838074,0.5694641470909119,0.7099698185920715,0.5699417591094971,0.708794355392456,0.5704470276832581,0.7076132297515869,0.5671241879463196,0.7121115922927856,0.5659425258636475,0.7125758528709412,0.5646517872810364,0.7131314873695374,0.5677884221076965,0.7058786153793335,0.5600231289863586,0.7137718796730042,0.5718255043029785,0.7311092615127563,0.5685632824897766,0.7338939309120178,0.5697241425514221,0.732781708240509,0.5527768135070801,0.7675248980522156,0.5748842358589172,0.7319708466529846,0.558548092842102,0.8033318519592285,0.5653115510940552,0.6921703219413757,0.5627560019493103,0.743518590927124,0.5613449811935425,0.680800199508667,0.5641304850578308,0.7301388382911682,0.5609029531478882,0.6806975603103638,0.5623396039009094,0.7182692289352417,0.5616188049316406,0.686322808265686,0.5625817179679871,0.7214495539665222,0.5755544900894165,0.9023139476776123,0.5668386816978455,0.9200156331062317,0.5741591453552246,0.8767958879470825,0.5617828965187073,0.8771679401397705,0.5748279094696045,0.910616934299469,0.572127103805542,0.9240645170211792,0.5710477828979492,0.9110902547836304,0.5705106854438782,0.926771342754364,0.5831066370010376,0.9346706867218018,0.5806611776351929,0.9457225799560547,1
0.5631833672523499,0.6751633882522583,0.5637904405593872,0.6578059792518616,0.565130889415741,0.6576747298240662,0.5665248036384583,0.6575110554695129,0.5596450567245483,0.6564593315124512,0.5578363537788391,0.6554359197616577,0.5558626651763916,0.6544758677482605,0.5653773546218872,0.6574584245681763,0.550868809223175,0.654034435749054,0.5646378397941589,0.6861955523490906,0.5588779449462891,0.6847165822982788,0.5766979455947876,0.7046370506286621,0.5352760553359985,0.703175961971283,0.5994018912315369,0.7482579946517944,0.5202036499977112,0.7289830446243286,0.586617648601532,0.7911232113838196,0.5267918705940247,0.6932870745658875,0.5845370888710022,0.8080065846443176,0.527880072593689,0.6867882013320923,0.5798156261444092,0.8086508512496948,0.5281012654304504,0.6824088096618652,0.5791359543800354,0.8044368028640747,0.5287289619445801,0.689275324344635,0.5704642534255981,0.8885674476623535,0.5485963225364685,0.8879101872444153,0.5718566179275513,0.7925063371658325,0.5487074851989746,0.7556478977203369,0.5741287469863892,0.821815013885498,0.566024899482727,0.8176844716072083,0.5730835795402527,0.825600266456604,0.5682375431060791,0.8304094076156616,0.5752533078193665,0.840369701385498,0.5710973739624023,0.8335198163986206,1
0.5679473876953125,0.7814570069313049,0.5708816051483154,0.7584598660469055,0.5732368230819702,0.7549542188644409,0.5756201148033142,0.7514021396636963,0.5626837015151978,0.7637426257133484,0.5597209334373474,0.7637268304824829,0.5566257238388062,0.7637491226196289,0.5759104490280151,0.7297360301017761,0.5482771396636963,0.747856616973877,0.5699537992477417,0.7789292335510254,0.5613520741462708,0.784052312374115,0.5854156017303467,0.7091144919395447,0.5216096639633179,0.7529885768890381,0.6116376519203186,0.7153602242469788,0.5019756555557251,0.7574167847633362,0.6177967190742493,0.8139352202415466,0.5170282125473022,0.7084488868713379,0.6263527274131775,0.8315826654434204,0.516503095626831,0.6932637691497803,0.6190935373306274,0.8397703170776367,0.5193963050842285,0.6853607892990112,0.6136220097541809,0.837012767791748,0.5220638513565063,0.6927136182785034,0.5755189657211304,0.8339027166366577,0.5433425903320312,0.8565140962600708,0.5675060153007507,0.7840402126312256,0.5398081541061401,0.7819045186042786,0.5732696056365967,0.7900608777999878,0.5539975762367249,0.8067915439605713,0.5729255676269531,0.7804340720176697,0.5563218593597412,0.8051480054855347,0.5737944841384888,0.8341895937919617,0.5611348748207092,0.8359789252281189,1
0.5578070878982544,0.7032585740089417,0.5557948350906372,0.6904889941215515,0.5563122630119324,0.6898057460784912,0.5568510293960571,0.6890600919723511,0.55338054895401,0.6920700669288635,0.5521418452262878,0.6923873424530029,0.5507606863975525,0.6927913427352905,0.5541335940361023,0.6881330013275146,0.5452606081962585,0.6939652562141418,0.5585335493087769,0.7103352546691895,0.5553156137466431,0.7117255926132202,0.560691237449646,0.7119882106781006,0.5373279452323914,0.7378610372543335,0.5841202139854431,0.7476997375488281,0.533568263053894,0.7938562631607056,0.5817457437515259,0.8205815553665161,0.5424540042877197,0.8036023378372192,0.582262396812439,0.8358691334724426,0.5440224409103394,0.8038381934165955,0.5776437520980835,0.8426545858383179,0.5447070002555847,0.7985681295394897,0.5767233967781067,0.8398640751838684,0.5451555848121643,0.7999042868614197,0.565639317035675,0.8328555226325989,0.5531799793243408,0.8570932149887085,0.5596060752868652,0.7147223949432373,0.5348806977272034,0.710397481918335,0.5597259402275085,0.7229935526847839,0.554036557674408,0.7273083925247192,0.5550820231437683,0.7226776480674744,0.5530832409858704,0.7291653752326965,0.5713981986045837,0.7376018762588501,0.567911684513092,0.7381510734558105,1
0.5705298185348511,0.7166146636009216,0.5668366551399231,0.7064924836158752,0.5660094022750854,0.7054865956306458,0.5651922821998596,0.7044655680656433,0.5681752562522888,0.7085499167442322,0.5683664679527283,0.708877444267273,0.5684417486190796,0.7092897891998291,0.5622906684875488,0.701768159866333,0.5666336417198181,0.7087380886077881,0.5702127814292908,0.7196430563926697,0.57174152135849,0.7217353582382202,0.5621128678321838,0.7273179292678833,0.5747072100639343,0.730915367603302,0.5747625231742859,0.7433608770370483,0.593995988368988,0.7418950796127319,0.5815192461013794,0.7267604470252991,0.5959374308586121,0.7266985177993774,0.5813249349594116,0.7167990803718567,0.5962743163108826,0.7186133861541748,0.5824228525161743,0.719078540802002,0.5934078693389893,0.7211574912071228,0.5827383995056152,0.7228749990463257,0.593790590763092,0.7233843803405762,0.581409752368927,0.858768105506897,0.5883769989013672,0.8617894053459167,0.5695024132728577,0.8129079341888428,0.5728898048400879,0.8060188293457031,0.5755809545516968,0.8517647385597229,0.5792003870010376,0.85469651222229,0.5733144879341125,0.856377124786377,0.5766903758049011,0.8615396022796631,0.5851567387580872,0.8622850179672241,0.5871886014938354,0.8641108274459839,1
0.5750874280929565,0.6885929107666016,0.5758601427078247,0.6701564788818359,0.5772689580917358,0.6700925827026367,0.5787196159362793,0.6699671745300293,0.5711323022842407,0.668216347694397,0.5690213441848755,0.6669824719429016,0.5667636394500732,0.6658298969268799,0.5762891173362732,0.6695853471755981,0.5600395798683167,0.6646668314933777,0.5756649374961853,0.6997538805007935,0.5691217184066772,0.6977397799491882,0.5829699039459229,0.7164173126220703,0.5375550389289856,0.7282265424728394,0.5993431210517883,0.7742841839790344,0.5255572199821472,0.7878984212875366,0.60190749168396,0.8129894733428955,0.5357580780982971,0.7387465238571167,0.6035599708557129,0.8259464502334595,0.5371584296226501,0.7292174100875854,0.600262463092804,0.8270593881607056,0.5384818911552429,0.7164598703384399,0.598017156124115,0.8239142298698425,0.5389795899391174,0.7206662893295288,0.5776035785675049,0.8964859843254089,0.5550960302352905,0.9088826775550842,0.576866865158081,0.8810437917709351,0.5536796450614929,0.8803244233131409,0.575153112411499,0.8848217725753784,0.5636745691299438,0.9094799160957336,0.5726615786552429,0.8828252553939819,0.5645506978034973,0.9134328365325928,0.5769327282905579,0.9048033356666565,0.5695812702178955,0.9241931438446045,1
0.5666197538375854,0.683397650718689,0.5656644105911255,0.6687580347061157,0.5665813088417053,0.6685212850570679,0.5675444602966309,0.6682280898094177,0.5622105598449707,0.66871178150177,0.5605748891830444,0.6685190796852112,0.5587907433509827,0.6684459447860718,0.5648985505104065,0.6706517934799194,0.5528658628463745,0.6718364953994751,0.5674648284912109,0.6946526765823364,0.5627201795578003,0.6947575211524963,0.573324978351593,0.7113382816314697,0.540454089641571,0.73274827003479,0.5925543308258057,0.7469067573547363,0.5359734296798706,0.7851404547691345,0.5860170125961304,0.7803370356559753,0.5401865243911743,0.7478670477867126,0.5853835344314575,0.7909989953041077,0.5410037040710449,0.7404999136924744,0.581768810749054,0.7938194274902344,0.5408617258071899,0.7307157516479492,0.5807318091392517,0.7917923331260681,0.5415531992912292,0.7346948981285095,0.5771223902702332,0.8773021697998047,0.5603188276290894,0.8917402029037476,0.5694823861122131,0.8117392659187317,0.5521878004074097,0.8085687756538391,0.5696609020233154,0.836531937122345,0.5639508366584778,0.8447362780570984,0.5670962929725647,0.838054358959198,0.5642978549003601,0.8494678735733032,0.5744304656982422,0.8563868999481201,0.5698844790458679,0.8618271946907043,1
0.5669280886650085,0.6870722770690918,0.5660369396209717,0.6740789413452148,0.5670983791351318,0.6744911074638367,0.5681922435760498,0.6748701930046082,0.5623969435691833,0.6734991073608398,0.5607149004936218,0.6735246777534485,0.5588886737823486,0.6737024188041687,0.5660118460655212,0.6825810074806213,0.5535403490066528,0.6815443634986877,0.5686154365539551,0.7013667821884155,0.5633941888809204,0.7009177803993225,0.5739056468009949,0.7318518757820129,0.5458402037620544,0.7519172430038452,0.5883945226669312,0.7608577609062195,0.543731689453125,0.8074914813041687,0.5928772687911987,0.7967682480812073,0.5465448498725891,0.7980400323867798,0.5945881605148315,0.8041472434997559,0.546072781085968,0.7938203811645508,0.5922055840492249,0.8102108836174011,0.5464125871658325,0.7853574752807617,0.5907087326049805,0.8103621006011963,0.5479068160057068,0.7881583571434021,0.579813539981842,0.8855741024017334,0.5661542415618896,0.9065420031547546,0.5735565423965454,0.8098059892654419,0.5612622499465942,0.8210446238517761,0.5816182494163513,0.8688905835151672,0.5755914449691772,0.8889453411102295,0.5790624618530273,0.8783856630325317,0.5751067399978638,0.8978842496871948,0.5916851758956909,0.8857142925262451,0.5859032869338989,0.9072721004486084,1
0.5817695260047913,0.6897178888320923,0.5806034803390503,0.6738568544387817,0.5816656351089478,0.6731360554695129,0.582779586315155,0.6723886728286743,0.5770310163497925,0.6751564741134644,0.5754523277282715,0.6754101514816284,0.5736988186836243,0.6757504343986511,0.5812653303146362,0.6732258796691895,0.5686695575714111,0.6782996654510498,0.5837055444717407,0.6991548538208008,0.5787237882614136,0.7007719874382019,0.592363178730011,0.7080702185630798,0.557022750377655,0.7366256713867188,0.6113325953483582,0.7578011751174927,0.5450061559677124,0.8138747811317444,0.6158802509307861,0.8212174773216248,0.55125892162323,0.8230417370796204,0.619141161441803,0.8368152379989624,0.5523015856742859,0.8281323313713074,0.6153506636619568,0.8412812352180481,0.5544151067733765,0.816902220249176,0.612787663936615,0.8388552665710449,0.5551158785820007,0.8165215849876404,0.5891988277435303,0.8736687898635864,0.5717393755912781,0.8916966915130615,0.5828826427459717,0.8047802448272705,0.5637537837028503,0.8029376268386841,0.5833309888839722,0.8143544793128967,0.5729518532752991,0.8581468462944031,0.5796806812286377,0.810797393321991,0.5712718367576599,0.8627650141716003,0.5922992825508118,0.836793839931488,0.5829561948776245,0.884370744228363,1
0.5694522857666016,0.6792588233947754,0.5676895380020142,0.6636996865272522,0.5680890083312988,0.6625174880027771,0.5685237646102905,0.6612703800201416,0.5652137994766235,0.6658428907394409,0.5637192130088806,0.6661401391029358,0.5620811581611633,0.6665806174278259,0.5639261603355408,0.6590350270271301,0.5545861721038818,0.6672815084457397,0.5687397122383118,0.6872031688690186,0.5652066469192505,0.6894333362579346,0.5673598051071167,0.6900975704193115,0.539764404296875,0.7288312911987305,0.6020917892456055,0.7348862886428833,0.5447869896888733,0.7887295484542847,0.6273725628852844,0.8186286687850952,0.5608454942703247,0.7863197922706604,0.6347643136978149,0.837960958480835,0.5642319321632385,0.7876162528991699,0.6305378675460815,0.8453181982040405,0.5641600489616394,0.777263879776001,0.6266713738441467,0.8407530188560486,0.5638260245323181,0.7769609093666077,0.5743724703788757,0.8468970060348511,0.5619989037513733,0.8722860217094421,0.5755089521408081,0.7676565051078796,0.5628705620765686,0.795640766620636,0.5841636657714844,0.7985875010490417,0.5787472724914551,0.8533421158790588,0.5815468430519104,0.8018049597740173,0.5779996514320374,0.8624796271324158,0.595442533493042,0.8168927431106567,0.5906327366828918,0.8693385124206543,1
0.5723934173583984,0.6700563430786133,0.5684069395065308,0.6580231189727783,0.5678511261940002,0.656623363494873,0.5673187971115112,0.6551940441131592,0.5690306425094604,0.6611442565917969,0.5689027905464172,0.6619451642036438,0.5686472654342651,0.662867546081543,0.5645291209220886,0.6541378498077393,0.5663903951644897,0.6645599603652954,0.5730127096176147,0.6748354434967041,0.5734345316886902,0.6783865690231323,0.5706276297569275,0.6896252036094666,0.572196900844574,0.7067272067070007,0.5834494233131409,0.7565232515335083,0.5851687788963318,0.752227246761322,0.5903663635253906,0.8082371950149536,0.5800681114196777,0.7782675623893738,0.5916803479194641,0.8178638815879822,0.577544093132019,0.7834145426750183,0.5914098024368286,0.8237826228141785,0.5758392810821533,0.7862964272499084,0.5908694267272949,0.8207619190216064,0.5774623155593872,0.7838046550750732,0.5904406309127808,0.8393776416778564,0.5912682414054871,0.8456324934959412,0.581152081489563,0.8025981783866882,0.5783033967018127,0.7917051911354065,0.5827021598815918,0.8448182344436646,0.5845995545387268,0.8395679593086243,0.5817791223526001,0.8505086302757263,0.5848671197891235,0.8487313389778137,0.5866053104400635,0.8584704995155334,0.5883474349975586,0.8485187292098999,1
0.5693106651306152,0.6864047050476074,0.5688453912734985,0.6693192720413208,0.5695644617080688,0.6676527857780457,0.5703279972076416,0.6659566164016724,0.5655922293663025,0.672035276889801,0.5638779401779175,0.6723372936248779,0.5620400309562683,0.6727422475814819,0.5662040710449219,0.6619126200675964,0.554737389087677,0.6717745661735535,0.5686361789703369,0.6934267282485962,0.5642444491386414,0.6962651014328003,0.564483106136322,0.6871609687805176,0.5376827120780945,0.7294602990150452,0.5769495368003845,0.6859537363052368,0.5333104133605957,0.7606431245803833,0.5652201175689697,0.6759761571884155,0.5473955273628235,0.6855943202972412,0.5612330436706543,0.6738819479942322,0.5518649816513062,0.6693148016929626,0.5597839951515198,0.675389289855957,0.5503979921340942,0.65683913230896,0.5605191588401794,0.6783103942871094,0.5493566989898682,0.6628779768943787,0.569756805896759,0.8861686587333679,0.555031418800354,0.9083834886550903,0.5657811164855957,0.807868480682373,0.5477683544158936,0.8019258379936218,0.569114625453949,0.8206864595413208,0.5636613368988037,0.8270143866539001,0.5664535760879517,0.8216072916984558,0.5632835030555725,0.8312269449234009,0.5758223533630371,0.8331921100616455,0.57369464635849,0.8359500765800476,1
0.5724714994430542,0.6330001950263977,0.5698068141937256,0.6204814910888672,0.5698848366737366,0.6203250288963318,0.5700013041496277,0.6200997829437256,0.568496823310852,0.6208987236022949,0.5675156116485596,0.6210712194442749,0.5663756132125854,0.62140291929245,0.5658984780311584,0.6241713166236877,0.5609827637672424,0.6266874670982361,0.5722466111183167,0.6443682312965393,0.5700609087944031,0.6450521349906921,0.570905864238739,0.6715846061706543,0.5540521144866943,0.6922971606254578,0.5931196212768555,0.7262523770332336,0.5635607838630676,0.7622181177139282,0.6055968999862671,0.7880939245223999,0.5747073888778687,0.780971109867096,0.6093630194664001,0.8045209050178528,0.5770953297615051,0.7873111963272095,0.6072376370429993,0.8087735176086426,0.5765275359153748,0.7814080715179443,0.6052670478820801,0.804846465587616,0.5762871503829956,0.7797339558601379,0.5858874917030334,0.8324722051620483,0.5773482322692871,0.8480998873710632,0.5827394127845764,0.7678737640380859,0.5760036110877991,0.76803058385849,0.5836573243141174,0.8405674695968628,0.5814977884292603,0.8606772422790527,0.5793447494506836,0.8499076962471008,0.5770558714866638,0.873758852481842,0.5951039791107178,0.8649992942810059,0.5960950255393982,0.8866276144981384,1
0.5761628150939941,0.6239882111549377,0.5730311274528503,0.6126949191093445,0.5727766156196594,0.6127946376800537,0.5725527405738831,0.6128413677215576,0.5724809765815735,0.6128020286560059,0.5717305541038513,0.6129767894744873,0.5708242654800415,0.6133211851119995,0.5678481459617615,0.6185311675071716,0.5655743479728699,0.6197114586830139,0.5755237340927124,0.6360031366348267,0.5742347240447998,0.6362777948379517,0.5706092715263367,0.674194872379303,0.5617743134498596,0.6848174333572388,0.5935912728309631,0.7482267618179321,0.5751578211784363,0.753234326839447,0.6119541525840759,0.808777391910553,0.582532525062561,0.7837332487106323,0.6159961223602295,0.8223057389259338,0.5833160877227783,0.7897787094116211,0.615115761756897,0.8256629705429077,0.581673264503479,0.7876755595207214,0.6132885813713074,0.8217653632164001,0.5821340084075928,0.7856602072715759,0.5862702131271362,0.8322538733482361,0.5830151438713074,0.8409972190856934,0.5820163488388062,0.7738894820213318,0.5790871977806091,0.7619283199310303,0.5823949575424194,0.8564005494117737,0.5825356841087341,0.8678341507911682,0.5783800482749939,0.8676565885543823,0.5777079463005066,0.8840301036834717,0.5925187468528748,0.878490149974823,0.5946139693260193,0.8918418884277344,1
0.5696993470191956,0.6721315383911133,0.5668887495994568,0.6578183174133301,0.5669493079185486,0.6564205884933472,0.5670327544212341,0.6549786329269409,0.565791666507721,0.6606522798538208,0.5649692416191101,0.661258339881897,0.5640282034873962,0.66203773021698,0.5639106631278992,0.6536276340484619,0.5598458647727966,0.6634984016418457,0.5701341032981873,0.678466796875,0.5683331489562988,0.6819592118263245,0.5670361518859863,0.6858226656913757,0.557893693447113,0.7181889414787292,0.581588089466095,0.7286802530288696,0.5667490363121033,0.7957018613815308,0.5777798891067505,0.770963728427887,0.5699371695518494,0.8179389834403992,0.5770122408866882,0.7820868492126465,0.5710707902908325,0.8242956399917603,0.5761677026748657,0.7865341901779175,0.5699169635772705,0.8212491869926453,0.5758928656578064,0.7846487164497375,0.570219099521637,0.8183526992797852,0.5884140133857727,0.8571274280548096,0.5846840739250183,0.8729690313339233,0.5862095355987549,0.7712797522544861,0.5830968022346497,0.7775038480758667,0.5903733968734741,0.8359362483024597,0.5915329456329346,0.853908896446228,0.5864261984825134,0.848159909248352,0.5884833335876465,0.8685163855552673,0.6036900877952576,0.8525802493095398,0.6044074892997742,0.8703754544258118,1
0.566312849521637,0.691388726234436,0.5650611519813538,0.6743740439414978,0.5656106472015381,0.6722120046615601,0.5661814212799072,0.6699886322021484,0.5620556473731995,0.6782769560813904,0.5605589747428894,0.6789101362228394,0.5589607357978821,0.6796571016311646,0.5623123049736023,0.6640657186508179,0.5522099137306213,0.6776895523071289,0.5658743381500244,0.6961206197738647,0.5620460510253906,0.7005476355552673,0.5630010962486267,0.6871504187583923,0.5372068285942078,0.7444384098052979,0.581079363822937,0.750218391418457,0.5398237705230713,0.8301715850830078,0.5867684483528137,0.8369569182395935,0.5485337376594543,0.862435519695282,0.5898160338401794,0.8582816123962402,0.5490248203277588,0.8758230805397034,0.5863997340202332,0.864254891872406,0.5493236184120178,0.8666859865188599,0.5844027400016785,0.8591150641441345,0.5495387315750122,0.8599612712860107,0.5731635689735413,0.8384789228439331,0.5611217617988586,0.8647958636283875,0.5738821625709534,0.822027325630188,0.5616110563278198,0.8185886144638062,0.5732166171073914,0.8719915151596069,0.5676025152206421,0.8736262917518616,0.5695700645446777,0.8766472935676575,0.5657234191894531,0.883770227432251,0.5815641283988953,0.8962579965591431,0.5787738561630249,0.8842087984085083,1
0.5697245001792908,0.6617739200592041,0.5678619146347046,0.6458802223205566,0.5680018067359924,0.6447669863700867,0.568173348903656,0.6435959339141846,0.5659908056259155,0.6476702094078064,0.5647338628768921,0.6478894352912903,0.5633472204208374,0.6482494473457336,0.5630760192871094,0.6425138711929321,0.5564790964126587,0.6493944525718689,0.5684549808502197,0.6706480383872986,0.5655952095985413,0.6727344393730164,0.5618009567260742,0.6779030561447144,0.541860044002533,0.7221309542655945,0.585942804813385,0.7051678895950317,0.5473811030387878,0.7879239320755005,0.5956774353981018,0.751140832901001,0.5650381445884705,0.7719964385032654,0.597155749797821,0.7621578574180603,0.5693520307540894,0.772082507610321,0.5951470136642456,0.7691799402236938,0.5684263706207275,0.7602149844169617,0.5940712094306946,0.7678722739219666,0.5672401189804077,0.7591133713722229,0.5738463997840881,0.8599098920822144,0.5643892288208008,0.8854962587356567,0.576504647731781,0.8227792382240295,0.5644693374633789,0.8217146396636963,0.5799307823181152,0.8728497624397278,0.5768067240715027,0.8940517902374268,0.574804961681366,0.8777056932449341,0.5733755230903625,0.904429018497467,0.5932286381721497,0.8950490355491638,0.5916109085083008,0.9126391410827637,1
0.5642258524894714,0.7022671699523926,0.5600264072418213,0.6931729316711426,0.5594248175621033,0.6918625235557556,0.5588424205780029,0.6905317306518555,0.5606381297111511,0.6963832378387451,0.5605053305625916,0.6972395777702332,0.5602775812149048,0.6981595158576965,0.5560305118560791,0.6886510252952576,0.5579464435577393,0.6994052529335022,0.5647383332252502,0.705097496509552,0.5653716325759888,0.7085683345794678,0.5609707832336426,0.7145214080810547,0.5668309330940247,0.7266147136688232,0.5667363405227661,0.744367778301239,0.5884436368942261,0.748006284236908,0.5631516575813293,0.7622510194778442,0.5901976227760315,0.767483651638031,0.5607768297195435,0.7641204595565796,0.5894549489021301,0.7707121968269348,0.5614351630210876,0.7691608667373657,0.5881471037864685,0.7754932045936584,0.5623737573623657,0.7688913941383362,0.5892435312271118,0.7729640007019043,0.5858944058418274,0.8343344926834106,0.5865091681480408,0.84264075756073,0.5734871625900269,0.7829662561416626,0.5692703127861023,0.7781338095664978,0.5772932171821594,0.8329177498817444,0.5784714221954346,0.825285792350769,0.575655460357666,0.8415022492408752,0.5776515603065491,0.8337312936782837,0.5847084522247314,0.8434529304504395,0.5869095325469971,0.833935558795929,1
0.0,0.0,0.0,0.0,0.0,0.0,0.0,0.0,0.0,0.0,0.0,0.0,0.0,0.0,0.0,0.0,0.0,0.0,0.0,0.0,0.0,0.0,0.0,0.0,0.0,0.0,0.0,0.0,0.0,0.0,0.0,0.0,0.0,0.0,0.0,0.0,0.0,0.0,0.0,0.0,0.0,0.0,0.0,0.0,0.0,0.0,0.0,0.0,0.0,0.0,0.0,0.0,0.0,0.0,0.0,0.0,0.0,0.0,0.0,0.0,0.0,0.0,0.0,0.0,0.0,0.0,1
0.0,0.0,0.0,0.0,0.0,0.0,0.0,0.0,0.0,0.0,0.0,0.0,0.0,0.0,0.0,0.0,0.0,0.0,0.0,0.0,0.0,0.0,0.0,0.0,0.0,0.0,0.0,0.0,0.0,0.0,0.0,0.0,0.0,0.0,0.0,0.0,0.0,0.0,0.0,0.0,0.0,0.0,0.0,0.0,0.0,0.0,0.0,0.0,0.0,0.0,0.0,0.0,0.0,0.0,0.0,0.0,0.0,0.0,0.0,0.0,0.0,0.0,0.0,0.0,0.0,0.0,1
0.7612470984458923,0.4099467694759369,0.7621515393257141,0.3967507481575012,0.7625028491020203,0.39538466930389404,0.7628806233406067,0.39385557174682617,0.7615087628364563,0.3978932797908783,0.7614635229110718,0.39686867594718933,0.76143479347229,0.3956981599330902,0.7657262086868286,0.3927677571773529,0.7630813717842102,0.3927108645439148,0.762291669845581,0.4180838167667389,0.7609633803367615,0.4173739552497864,0.7754151821136475,0.45820489525794983,0.7526379823684692,0.4320107102394104,0.7610759735107422,0.529554545879364,0.7376487255096436,0.49200719594955444,0.753737211227417,0.6087736487388611,0.7260904312133789,0.5809698700904846,0.7539531588554382,0.6310646533966064,0.7288077473640442,0.5923389196395874,0.7519887685775757,0.6302922368049622,0.729992151260376,0.5948784351348877,0.7483087778091431,0.6105175018310547,0.7334770560264587,0.5927209258079529,0.7575687766075134,0.6039202809333801,0.7487331032752991,0.6004157662391663,0.7614864706993103,0.7090797424316406,0.7513837218284607,0.6909234523773193,0.7604517936706543,0.7933122515678406,0.7524187564849854,0.8026400208473206,0.7589243650436401,0.8048436045646667,0.7536851763725281,0.8158488869667053,0.762565553188324,0.8262240886688232,0.751431405544281,0.8265488147735596,1
0.7597859501838684,0.40383854508399963,0.7595887780189514,0.39250823855400085,0.7593877911567688,0.3913767635822296,0.7591741681098938,0.39016950130462646,0.7610283493995667,0.3940165340900421,0.7616099119186401,0.39354148507118225,0.7622144818305969,0.392838716506958,0.761014461517334,0.3910405933856964,0.7643052935600281,0.39268290996551514,0.7596960067749023,0.4106549620628357,0.7614538669586182,0.4129399061203003,0.7480210065841675,0.43067261576652527,0.783811092376709,0.4504282772541046,0.7356730699539185,0.4969310760498047,0.7758243083953857,0.5280178189277649,0.7335931062698364,0.583071231842041,0.7560810446739197,0.5962967276573181,0.7322904467582703,0.6012880206108093,0.7529189586639404,0.6100969910621643,0.7347610592842102,0.6035568118095398,0.7504120469093323,0.6115128993988037,0.7365320920944214,0.5974180102348328,0.7508591413497925,0.6071249842643738,0.746937096118927,0.6041028499603271,0.7602633237838745,0.624146580696106,0.7464450001716614,0.7083902359008789,0.7668076753616333,0.7071869969367981,0.7534825205802917,0.789553165435791,0.7600032091140747,0.7951301336288452,0.7533602714538574,0.8114921450614929,0.7599451541900635,0.8111264705657959,0.7539505362510681,0.8207127451896667,0.7607024312019348,0.8184581995010376,1
0.0,0.0,0.0,0.0,0.0,0.0,0.0,0.0,0.0,0.0,0.0,0.0,0.0,0.0,0.0,0.0,0.0,0.0,0.0,0.0,0.0,0.0,0.0,0.0,0.0,0.0,0.0,0.0,0.0,0.0,0.0,0.0,0.0,0.0,0.0,0.0,0.0,0.0,0.0,0.0,0.0,0.0,0.0,0.0,0.0,0.0,0.0,0.0,0.0,0.0,0.0,0.0,0.0,0.0,0.0,0.0,0.0,0.0,0.0,0.0,0.0,0.0,0.0,0.0,0.0,0.0,1
0.7571609616279602,0.41736775636672974,0.7576809525489807,0.405651718378067,0.7576990127563477,0.4048026502132416,0.7576920390129089,0.40378278493881226,0.7589665651321411,0.4068904221057892,0.7594839334487915,0.4060320556163788,0.7600172162055969,0.4049696624279022,0.7613917589187622,0.40361717343330383,0.7626796364784241,0.4048931896686554,0.7574369311332703,0.42347636818885803,0.7586533427238464,0.4268129765987396,0.7578335404396057,0.4512014389038086,0.7740705609321594,0.47082778811454773,0.742341935634613,0.5429102778434753,0.7632325291633606,0.5546581149101257,0.7397546172142029,0.6250627636909485,0.7429876923561096,0.6177334189414978,0.7399998903274536,0.6436894536018372,0.7387679219245911,0.6300696134567261,0.7400288581848145,0.6435614824295044,0.736841082572937,0.6320098042488098,0.7399167418479919,0.6379770636558533,0.7382264137268066,0.6282751560211182,0.7450590133666992,0.6032747626304626,0.7509220242500305,0.6161835193634033,0.7414981722831726,0.7229449152946472,0.76515793800354,0.6900281310081482,0.7443325519561768,0.8146483302116394,0.7623921036720276,0.8024940490722656,0.7462604641914368,0.8384096026420593,0.762718677520752,0.8307549953460693,0.7474204301834106,0.8486768007278442,0.7622846364974976,0.8372131586074829,1
0.7542029619216919,0.43411099910736084,0.7571583390235901,0.4240053594112396,0.7584203481674194,0.419971227645874,0.7598100304603577,0.42089492082595825,0.7550434470176697,0.4201419949531555,0.7549950480461121,0.41893813014030457,0.7548601031303406,0.41751107573509216,0.764074444770813,0.41944360733032227,0.7581592202186584,0.4156297445297241,0.7565061450004578,0.4423217475414276,0.753385066986084,0.4399440884590149,0.7828273773193359,0.49182286858558655,0.7495009303092957,0.4433968663215637,0.773966372013092,0.5789432525634766,0.7302933931350708,0.5047586560249329,0.7625923752784729,0.6579675078392029,0.7274067997932434,0.5968270301818848,0.7624135613441467,0.6811822652816772,0.7270671129226685,0.6135637760162354,0.7597872614860535,0.6762420535087585,0.7291778922080994,0.6142595410346985,0.7601487040519714,0.6629430651664734,0.7298189401626587,0.6123957633972168,0.7525563836097717,0.621904194355011,0.7352511882781982,0.6064574718475342,0.7607808113098145,0.721077024936676,0.7348072528839111,0.7130327820777893,0.762820303440094,0.8277671933174133,0.7438157200813293,0.8125543594360352,0.7615489363670349,0.8430952429771423,0.738183319568634,0.8405039310455322,0.7613930702209473,0.8471946120262146,0.7383954524993896,0.855739414691925,1
0.7542585134506226,0.44976937770843506,0.7567160725593567,0.44031551480293274,0.7578996419906616,0.4400922954082489,0.7591190934181213,0.43936508893966675,0.754048228263855,0.43790122866630554,0.7531062364578247,0.43614473938941956,0.7527037262916565,0.4346352219581604,0.7638347744941711,0.43581753969192505,0.7544180750846863,0.430269718170166,0.7581596970558167,0.4600732922554016,0.7542831301689148,0.4551621377468109,0.7831987738609314,0.48187750577926636,0.743592381477356,0.46366116404533386,0.785672664642334,0.5493059158325195,0.7290709614753723,0.5301610231399536,0.7766219973564148,0.6354288458824158,0.7290732264518738,0.6183941960334778,0.7751793265342712,0.6573272943496704,0.7279757857322693,0.6371939182281494,0.7714070081710815,0.6533456444740295,0.7298450469970703,0.6383652687072754,0.7720571756362915,0.6447689533233643,0.7313583493232727,0.6309797167778015,0.765755832195282,0.6023721694946289,0.7445013523101807,0.5920395255088806,0.7640571594238281,0.7025516629219055,0.7415947318077087,0.6931066513061523,0.7662402987480164,0.8009307384490967,0.7428011894226074,0.8162947297096252,0.7639330625534058,0.8132964372634888,0.7429988384246826,0.8445228338241577,0.7627338171005249,0.8416807055473328,0.7410114407539368,0.858913004398346,1
0.7545493841171265,0.46860218048095703,0.7570747137069702,0.45988062024116516,0.7586777210235596,0.4574517607688904,0.7600923180580139,0.45656320452690125,0.7535998821258545,0.45791852474212646,0.7524592876434326,0.4559059739112854,0.7517718076705933,0.4539855718612671,0.7644942402839661,0.4489721953868866,0.7530891299247742,0.446614533662796,0.7584757208824158,0.47497621178627014,0.7538841962814331,0.471976101398468,0.7827494144439697,0.4944704473018646,0.7422406673431396,0.4713820219039917,0.7832866907119751,0.568565845489502,0.727989912033081,0.5413873195648193,0.7738296985626221,0.6587003469467163,0.7284079790115356,0.6259299516677856,0.7714918851852417,0.6797693371772766,0.7267945408821106,0.6463345885276794,0.7661566138267517,0.6781296133995056,0.7295292019844055,0.64849454164505,0.7668784260749817,0.6677221059799194,0.7305924296379089,0.6409414410591125,0.7667980194091797,0.6106942892074585,0.7458631992340088,0.5995256900787354,0.764279842376709,0.7076262831687927,0.7402275800704956,0.7076188325881958,0.7643622756004333,0.7968950271606445,0.7435048222541809,0.8193637132644653,0.7632349729537964,0.8136777281761169,0.745244562625885,0.833858847618103,0.7626808881759644,0.8449277877807617,0.7409548163414001,0.8604949116706848,1
0.7552061080932617,0.4819895029067993,0.7570799589157104,0.47150182723999023,0.759114146232605,0.47185683250427246,0.7604902982711792,0.470770001411438,0.753057599067688,0.47034963965415955,0.7522906064987183,0.46898025274276733,0.75151526927948,0.4672524929046631,0.7647943496704102,0.46381282806396484,0.7523871660232544,0.46093177795410156,0.7592672109603882,0.48879274725914,0.7548474073410034,0.4865139424800873,0.7816227674484253,0.5058231949806213,0.7412545680999756,0.487480103969574,0.7849190831184387,0.5737804174423218,0.7283722162246704,0.5561030507087708,0.7755927443504333,0.6568935513496399,0.728914737701416,0.6409792304039001,0.7728082537651062,0.6766662001609802,0.7281880378723145,0.664910614490509,0.7704963684082031,0.6777355074882507,0.7302462458610535,0.6611784100532532,0.7685428261756897,0.6683695316314697,0.7313838005065918,0.6524786353111267,0.7658228874206543,0.6142023205757141,0.7451319694519043,0.6025911569595337,0.7652087807655334,0.7050685882568359,0.7392078638076782,0.7024739384651184,0.7660982608795166,0.7944438457489014,0.7436730265617371,0.8144649267196655,0.7646697759628296,0.8011448383331299,0.7449086308479309,0.8357091546058655,0.7657445669174194,0.8354942798614502,0.7430683970451355,0.8587185144424438,1
0.7561249136924744,0.501204252243042,0.7587432265281677,0.4885193109512329,0.7610002160072327,0.4906776249408722,0.7622274160385132,0.4902740716934204,0.754219114780426,0.48762047290802,0.7533026933670044,0.4864017367362976,0.7523068189620972,0.4847569763660431,0.7659616470336914,0.48369699716567993,0.7510058283805847,0.47793352603912354,0.759724497795105,0.5086002349853516,0.7544065713882446,0.5075836777687073,0.7806684970855713,0.5230579376220703,0.738926887512207,0.5132449269294739,0.780055582523346,0.6022116541862488,0.7275087237358093,0.6268303394317627,0.7716532349586487,0.7139356136322021,0.7318620085716248,0.6921792030334473,0.7728844881057739,0.7394297122955322,0.728519082069397,0.7220620512962341,0.7684467434883118,0.739840567111969,0.7312652468681335,0.7185563445091248,0.7663025259971619,0.729271650314331,0.7351421117782593,0.7059842348098755,0.7564860582351685,0.6365396976470947,0.7319425940513611,0.6310343742370605,0.7670481204986572,0.6999765038490295,0.7330705523490906,0.7117090821266174,0.7628223896026611,0.7969686985015869,0.7323476076126099,0.8286535739898682,0.7628765106201172,0.8253000974655151,0.7343185544013977,0.8409460783004761,0.7682968974113464,0.850342333316803,0.7390345931053162,0.8622335195541382,1
0.7532680034637451,0.5323113203048706,0.7567203640937805,0.5179625749588013,0.7585451006889343,0.5170233249664307,0.7604157328605652,0.5160892605781555,0.7516600489616394,0.5188356041908264,0.7500850558280945,0.5189012289047241,0.7484496831893921,0.518823504447937,0.764649510383606,0.5116369128227234,0.7479049563407898,0.513770580291748,0.7578662037849426,0.5282456278800964,0.7512813210487366,0.5403538942337036,0.7748989462852478,0.5458489060401917,0.7371905446052551,0.5478553771972656,0.7804237604141235,0.6197318434715271,0.7315256595611572,0.6505273580551147,0.7720933556556702,0.6701121926307678,0.735125720500946,0.7215701341629028,0.7723578214645386,0.6826232075691223,0.7325745224952698,0.7545041441917419,0.7688029408454895,0.6824626326560974,0.7354795336723328,0.7526774406433105,0.7673792243003845,0.6786760091781616,0.7371239066123962,0.7448248267173767,0.744676947593689,0.6274046897888184,0.7243266701698303,0.6252884268760681,0.7625523209571838,0.688481867313385,0.7330431342124939,0.6934834122657776,0.7596964836120605,0.8070668578147888,0.7382297515869141,0.8045937418937683,0.7563104033470154,0.8269574046134949,0.7395233511924744,0.8194139003753662,0.7642056345939636,0.841293215751648,0.7422568798065186,0.8444107174873352,1
0.7499789595603943,0.5710887908935547,0.7535894513130188,0.5575595498085022,0.755192756652832,0.5564937591552734,0.7568423748016357,0.5554090738296509,0.7491574883460999,0.5583646297454834,0.747869074344635,0.5582978129386902,0.7465130686759949,0.5580974817276001,0.7612955570220947,0.5484700798988342,0.7465050220489502,0.550344705581665,0.7573930025100708,0.5635683536529541,0.7509495615959167,0.563603937625885,0.7711009979248047,0.5745913982391357,0.7354005575180054,0.5761005878448486,0.777969479560852,0.6399635672569275,0.7292798757553101,0.6803079843521118,0.7757554650306702,0.6735818982124329,0.7377035617828369,0.764828622341156,0.7776633501052856,0.6791327595710754,0.7386406660079956,0.786655068397522,0.7753539085388184,0.6793656349182129,0.7419624328613281,0.7835061550140381,0.7734832167625427,0.6782307624816895,0.7429021000862122,0.775601327419281,0.7439877390861511,0.6608966588973999,0.7237288951873779,0.6576680541038513,0.7625151872634888,0.6981467604637146,0.7252463698387146,0.7069936394691467,0.761539101600647,0.8119235634803772,0.7209150195121765,0.8028059005737305,0.7583577632904053,0.8314749598503113,0.7211963534355164,0.814093828201294,0.7654298543930054,0.8389952778816223,0.7214419841766357,0.8413064479827881,1
0.0,0.0,0.0,0.0,0.0,0.0,0.0,0.0,0.0,0.0,0.0,0.0,0.0,0.0,0.0,0.0,0.0,0.0,0.0,0.0,0.0,0.0,0.0,0.0,0.0,0.0,0.0,0.0,0.0,0.0,0.0,0.0,0.0,0.0,0.0,0.0,0.0,0.0,0.0,0.0,0.0,0.0,0.0,0.0,0.0,0.0,0.0,0.0,0.0,0.0,0.0,0.0,0.0,0.0,0.0,0.0,0.0,0.0,0.0,0.0,0.0,0.0,0.0,0.0,0.0,0.0,1
0.7500531673431396,0.598802387714386,0.7525038719177246,0.5872278213500977,0.7538025379180908,0.5861207842826843,0.7551404237747192,0.5850162506103516,0.7488800287246704,0.5886082053184509,0.7477837204933167,0.5890597105026245,0.7466226816177368,0.589318037033081,0.7584604024887085,0.581357479095459,0.7463918924331665,0.5851753950119019,0.7545024156570435,0.597237765789032,0.748869001865387,0.6060745716094971,0.7653041481971741,0.6149780750274658,0.7387717962265015,0.617526650428772,0.7650744915008545,0.7133749723434448,0.7353648543357849,0.701875627040863,0.7613352537155151,0.7931934595108032,0.7495274543762207,0.790351152420044,0.7626266479492188,0.8116703033447266,0.7502607703208923,0.8130446076393127,0.760087251663208,0.8074754476547241,0.7547414898872375,0.8095076084136963,0.7586492300033569,0.8012365102767944,0.7552156448364258,0.8008235692977905,0.7264512777328491,0.6972225904464722,0.7133104205131531,0.6926491856575012,0.7181844711303711,0.7302838563919067,0.7078965902328491,0.7279883623123169,0.7083783745765686,0.759946882724762,0.704910933971405,0.7525436282157898,0.7077067494392395,0.7715941071510315,0.7054057121276855,0.7623602747917175,0.7073400020599365,0.7535673379898071,0.7030103206634521,0.7540315985679626,1
0.7618772983551025,0.6110297441482544,0.7645001411437988,0.6025214195251465,0.7654397487640381,0.6016491651535034,0.7672353386878967,0.6010290384292603,0.7597526907920837,0.6015301942825317,0.7586429119110107,0.6004518270492554,0.7557662725448608,0.6019350290298462,0.7697523236274719,0.5938987135887146,0.7531962990760803,0.5843048095703125,0.7634631395339966,0.61542147397995,0.7588756680488586,0.6146572828292847,0.7802627086639404,0.609001100063324,0.7369353175163269,0.6066136360168457,0.7826430201530457,0.7024490833282471,0.7370301485061646,0.6988199353218079,0.7662648558616638,0.7940530776977539,0.7546678781509399,0.7911043763160706,0.7634628415107727,0.8203296661376953,0.7553432583808899,0.8167774677276611,0.7611852884292603,0.8124788403511047,0.75972580909729,0.8145331144332886,0.7602376937866211,0.8029741644859314,0.7594659328460693,0.805274486541748,0.7675214409828186,0.6590672731399536,0.7448452115058899,0.6569837331771851,0.7683469653129578,0.7440052032470703,0.7381909489631653,0.738463819026947,0.7568082809448242,0.8189642429351807,0.745330274105072,0.8152421712875366,0.7537661194801331,0.8245739936828613,0.746345043182373,0.8206218481063843,0.7586933374404907,0.8570170402526855,0.7457123398780823,0.8526943922042847,1
0.763282060623169,0.6207504272460938,0.7651930451393127,0.6143388748168945,0.7655450701713562,0.6145020127296448,0.7659044861793518,0.6146202683448792,0.7639793157577515,0.6127195358276367,0.7634305953979492,0.6114935874938965,0.7628328204154968,0.6102458238601685,0.7648144960403442,0.6118120551109314,0.7607576847076416,0.606000542640686,0.7620239853858948,0.624350905418396,0.7603485584259033,0.621752142906189,0.758949339389801,0.6346585750579834,0.7486149072647095,0.6259889602661133,0.7575830221176147,0.680827796459198,0.7481416463851929,0.6706668734550476,0.7554458975791931,0.723800778388977,0.7564107179641724,0.6953878402709961,0.7546179294586182,0.7360477447509766,0.7579668760299683,0.7021468281745911,0.7538734078407288,0.7352599501609802,0.7588321566581726,0.6980109214782715,0.7536223530769348,0.730421245098114,0.7583915591239929,0.696205735206604,0.7476251125335693,0.7028449773788452,0.7405008673667908,0.7038025856018066,0.7627794146537781,0.7450874447822571,0.7567691206932068,0.7466961145401001,0.7640774846076965,0.7885710597038269,0.7574788928031921,0.8059842586517334,0.7617507576942444,0.7930774688720703,0.7551711797714233,0.8122943043708801,0.7691570520401001,0.8052313923835754,0.7636713981628418,0.8259087204933167,1
0.0,0.0,0.0,0.0,0.0,0.0,0.0,0.0,0.0,0.0,0.0,0.0,0.0,0.0,0.0,0.0,0.0,0.0,0.0,0.0,0.0,0.0,0.0,0.0,0.0,0.0,0.0,0.0,0.0,0.0,0.0,0.0,0.0,0.0,0.0,0.0,0.0,0.0,0.0,0.0,0.0,0.0,0.0,0.0,0.0,0.0,0.0,0.0,0.0,0.0,0.0,0.0,0.0,0.0,0.0,0.0,0.0,0.0,0.0,0.0,0.0,0.0,0.0,0.0,0.0,0.0,1
0.7555540800094604,0.6533397436141968,0.7609695792198181,0.649121105670929,0.7616738080978394,0.6496734023094177,0.7623879909515381,0.6503434777259827,0.7592960596084595,0.6488213539123535,0.7587860226631165,0.6490793228149414,0.758260190486908,0.6489408612251282,0.761974036693573,0.6559674143791199,0.7565670013427734,0.6541107892990112,0.7526986598968506,0.6612556576728821,0.7506604194641113,0.6604210138320923,0.7452719211578369,0.6925971508026123,0.7358992099761963,0.6829981803894043,0.7591292858123779,0.8021889925003052,0.7460782527923584,0.7942579984664917,0.7706360816955566,0.879527747631073,0.7672475576400757,0.8833046555519104,0.7742852568626404,0.8990393280982971,0.7694656252861023,0.9099143743515015,0.7753758430480957,0.8994771838188171,0.7738839983940125,0.9057585000991821,0.7718315124511719,0.8878306746482849,0.7729929685592651,0.8953425288200378,0.6552138328552246,0.7217544913291931,0.6502571702003479,0.7035587430000305,0.5966571569442749,0.737617015838623,0.596253514289856,0.7270634770393372,0.5636328458786011,0.8273121118545532,0.5608224868774414,0.8102176785469055,0.5611264705657959,0.8446035981178284,0.5583763122558594,0.8258741497993469,0.5529475808143616,0.8385639786720276,0.5497326254844666,0.8226405382156372,1
0.0,0.0,0.0,0.0,0.0,0.0,0.0,0.0,0.0,0.0,0.0,0.0,0.0,0.0,0.0,0.0,0.0,0.0,0.0,0.0,0.0,0.0,0.0,0.0,0.0,0.0,0.0,0.0,0.0,0.0,0.0,0.0,0.0,0.0,0.0,0.0,0.0,0.0,0.0,0.0,0.0,0.0,0.0,0.0,0.0,0.0,0.0,0.0,0.0,0.0,0.0,0.0,0.0,0.0,0.0,0.0,0.0,0.0,0.0,0.0,0.0,0.0,0.0,0.0,0.0,0.0,1
0.7491732239723206,0.7773682475090027,0.7548845410346985,0.7635518312454224,0.756611704826355,0.760823667049408,0.7583807110786438,0.7581971287727356,0.7569578289985657,0.7593104243278503,0.7557018995285034,0.7577613592147827,0.7496303915977478,0.7529664039611816,0.7655311226844788,0.7328199148178101,0.7426580190658569,0.7302302718162537,0.7465792298316956,0.769245982170105,0.7412346601486206,0.7704746127128601,0.7554205060005188,0.6976243853569031,0.7036535143852234,0.736780047416687,0.7758443355560303,0.8462239503860474,0.7021443843841553,0.9063892960548401,0.7923051714897156,0.9829583168029785,0.7205473780632019,1.0292484760284424,0.8051192760467529,1.0067757368087769,0.7245782613754272,1.0598305463790894,0.7996454238891602,1.012330412864685,0.7315242886543274,1.049118161201477,0.7910759449005127,1.0047844648361206,0.7297546863555908,1.0372204780578613,0.6631900072097778,0.6696241497993469,0.6398953795433044,0.6826393604278564,0.6505256295204163,0.7541117072105408,0.621300220489502,0.7858946919441223,0.6286507844924927,0.7696426510810852,0.5969616174697876,0.7515918016433716,0.6255841851234436,0.7655420303344727,0.5929537415504456,0.7385164499282837,0.6249434351921082,0.8042794466018677,0.5964803695678711,0.7867136001586914,1
0.7765404582023621,0.8171298503875732,0.7804073095321655,0.8087453842163086,0.7820741534233093,0.808265209197998,0.7837536334991455,0.8079080581665039,0.7775716781616211,0.8066114187240601,0.7767787575721741,0.8060992956161499,0.7720935344696045,0.8022162914276123,0.7839828729629517,0.7910048961639404,0.7674239277839661,0.7855743765830994,0.7755842804908752,0.8136206269264221,0.7703426480293274,0.8106193542480469,0.7891541719436646,0.7798285484313965,0.7434372305870056,0.7921851277351379,0.7958050966262817,0.9262446761131287,0.7404597997665405,0.9283957481384277,0.7943345904350281,1.011505365371704,0.7478170990943909,1.0440372228622437,0.7935641407966614,1.023693561553955,0.748390793800354,1.0817840099334717,0.7906515598297119,1.0296090841293335,0.7507193684577942,1.073732852935791,0.7893967628479004,1.0246565341949463,0.751623809337616,1.0568900108337402,0.7508791089057922,0.6991212368011475,0.7286869883537292,0.7026382684707642,0.7637665271759033,0.8261661529541016,0.7119097113609314,0.8172575831413269,0.7245082855224609,0.81005859375,0.6792300939559937,0.8038910627365112,0.7166391015052795,0.8038452863693237,0.6740338206291199,0.7958744764328003,0.7190983891487122,0.8385856747627258,0.6736125946044922,0.8405768871307373,1
0.7681635618209839,0.8986445069313049,0.7712713479995728,0.8914062976837158,0.7726865410804749,0.8898446559906006,0.7740905284881592,0.8884161710739136,0.7671865224838257,0.8934619426727295,0.7659067511558533,0.8931723237037659,0.764700710773468,0.8927921652793884,0.7760583758354187,0.8717173337936401,0.7622160315513611,0.8786963820457458,0.7689605355262756,0.8897823691368103,0.7650052309036255,0.8912538290023804,0.7832980751991272,0.8369251489639282,0.7430363297462463,0.8659342527389526,0.7816543579101562,0.9165970087051392,0.7333859205245972,0.9384272694587708,0.7808786630630493,0.9955388903617859,0.7390678524971008,1.0136088132858276,0.7834969758987427,1.01485276222229,0.7378020882606506,1.034150242805481,0.7808584570884705,1.0134472846984863,0.7413802742958069,1.0304162502288818,0.7784630060195923,1.0049680471420288,0.7430906891822815,1.019486665725708,0.7591456770896912,0.7255297899246216,0.7400462031364441,0.7411230802536011,0.7610756158828735,0.7692620158195496,0.7359964847564697,0.7744575142860413,0.7534002661705017,0.7424425482749939,0.7415313720703125,0.7336353063583374,0.7516294121742249,0.7340903282165527,0.7422493696212769,0.7214453220367432,0.7525678277015686,0.7544285655021667,0.743354856967926,0.7475732564926147,1
0.0,0.0,0.0,0.0,0.0,0.0,0.0,0.0,0.0,0.0,0.0,0.0,0.0,0.0,0.0,0.0,0.0,0.0,0.0,0.0,0.0,0.0,0.0,0.0,0.0,0.0,0.0,0.0,0.0,0.0,0.0,0.0,0.0,0.0,0.0,0.0,0.0,0.0,0.0,0.0,0.0,0.0,0.0,0.0,0.0,0.0,0.0,0.0,0.0,0.0,0.0,0.0,0.0,0.0,0.0,0.0,0.0,0.0,0.0,0.0,0.0,0.0,0.0,0.0,0.0,0.0,1
0.559738039970398,0.7450335025787354,0.5602502226829529,0.7276805639266968,0.5617969036102295,0.726649284362793,0.5633881092071533,0.7256226539611816,0.5552235841751099,0.7282997965812683,0.5530027151107788,0.7279841303825378,0.5506820678710938,0.7277179956436157,0.5616753101348877,0.7245258092880249,0.5443807244300842,0.7279310822486877,0.5610589981079102,0.75471031665802,0.5544535517692566,0.7557696104049683,0.5657216906547546,0.761438250541687,0.5277923345565796,0.7877771854400635,0.5696066617965698,0.7772564888000488,0.5210666060447693,0.8515856266021729,0.5628153681755066,0.737347424030304,0.5251734256744385,0.7899597883224487,0.5616722702980042,0.7284349799156189,0.5257402658462524,0.7794886231422424,0.5611864924430847,0.7263555526733398,0.5258779525756836,0.7628473043441772,0.5602788329124451,0.731478214263916,0.5264984965324402,0.7663798928260803,0.5624618530273438,0.9385598301887512,0.5422781705856323,0.9527528882026672,0.5647544264793396,0.9272778034210205,0.5459011197090149,0.9341660737991333,0.5685442090034485,0.9351302981376648,0.5596023201942444,0.9444817900657654,0.5680692791938782,0.937878429889679,0.5623813271522522,0.9480308294296265,0.56955885887146,0.9467660784721375,0.563847005367279,0.9523159265518188,1
0.5642725825309753,0.6931333541870117,0.5671085119247437,0.6780678033828735,0.5686962604522705,0.6785730123519897,0.5703181028366089,0.679050624370575,0.5626834630966187,0.6746943593025208,0.5608615875244141,0.6727725267410278,0.5589104890823364,0.6708859205245972,0.570023775100708,0.6773704290390015,0.5544770956039429,0.6665946841239929,0.5647861957550049,0.7029299736022949,0.558833122253418,0.6987922787666321,0.5746115446090698,0.7150933742523193,0.5338200926780701,0.7070832848548889,0.5758733749389648,0.7441579103469849,0.5255861282348633,0.7535607814788818,0.5713286995887756,0.70931077003479,0.533499002456665,0.6832944750785828,0.5709115266799927,0.7040838003158569,0.5358772277832031,0.6670365929603577,0.5706745982170105,0.6959686279296875,0.5351994037628174,0.6524947881698608,0.5693644881248474,0.6996372938156128,0.5355607271194458,0.660869300365448,0.5672088861465454,0.8859014511108398,0.5440473556518555,0.8826756477355957,0.5607509016990662,0.9265338778495789,0.543059229850769,0.8970322608947754,0.5662568211555481,0.9666304588317871,0.5555143356323242,0.9448956251144409,0.5666353106498718,0.9701651930809021,0.5568230152130127,0.9511731266975403,0.5615512728691101,0.9832228422164917,0.561560332775116,0.968909740447998,1
0.5503658056259155,0.7121967077255249,0.5513603687286377,0.6985043883323669,0.5524166226387024,0.6977701187133789,0.553531289100647,0.6970163583755493,0.5483155250549316,0.6985302567481995,0.5471033453941345,0.697805643081665,0.5457460880279541,0.6970933675765991,0.5540820956230164,0.6933776140213013,0.543179452419281,0.6937544941902161,0.5520296096801758,0.7180032730102539,0.5479592084884644,0.7178860902786255,0.5657125115394592,0.7209147214889526,0.5309956669807434,0.7248639464378357,0.5775914788246155,0.7175453901290894,0.5228620171546936,0.7297834157943726,0.5629686117172241,0.6809934377670288,0.5344259142875671,0.6714141964912415,0.5597180724143982,0.6776886582374573,0.5378285646438599,0.6628574132919312,0.557519793510437,0.6710811257362366,0.5387174487113953,0.6526836156845093,0.5578294992446899,0.6734871864318848,0.5379421710968018,0.6579508185386658,0.5598113536834717,0.8843132257461548,0.539811909198761,0.8894422650337219,0.5617208480834961,0.8221299648284912,0.5440236926078796,0.8044182062149048,0.5700114369392395,0.8442448973655701,0.5601775646209717,0.8573530316352844,0.5701122283935547,0.844918966293335,0.5618944764137268,0.866249144077301,0.5731427073478699,0.8701053261756897,0.5664485692977905,0.8780393004417419,1
0.5683096647262573,0.7437270879745483,0.5670491456985474,0.7317144274711609,0.5674625635147095,0.7311583757400513,0.5679066777229309,0.730608344078064,0.565102756023407,0.732233464717865,0.5640842318534851,0.7321488857269287,0.5629653334617615,0.7321494817733765,0.5654574036598206,0.7290467023849487,0.5587050914764404,0.731586217880249,0.5685276985168457,0.749580979347229,0.5657649040222168,0.750581681728363,0.5676003694534302,0.7547808885574341,0.5508203506469727,0.7753909230232239,0.5681765675544739,0.7654562592506409,0.5507633090019226,0.8247170448303223,0.5634841322898865,0.7589542269706726,0.5595472455024719,0.7973496913909912,0.5611286163330078,0.7559370994567871,0.5622224807739258,0.7898842096328735,0.5620574355125427,0.7581337690353394,0.5612823367118835,0.7793954610824585,0.5624958872795105,0.7601063847541809,0.5608496069908142,0.7811312675476074,0.5733857154846191,0.8876266479492188,0.5649927854537964,0.9036191701889038,0.5720694661140442,0.8813617825508118,0.562920093536377,0.8851344585418701,0.579504132270813,0.9262402057647705,0.5746805667877197,0.9353553056716919,0.5778912305831909,0.9329078793525696,0.5732585191726685,0.9395068883895874,0.586211085319519,0.9393267035484314,0.5854728817939758,0.9513869881629944,1
0.5686184763908386,0.7201730012893677,0.5654257535934448,0.7064003944396973,0.565459132194519,0.7049289345741272,0.5655220746994019,0.7034489512443542,0.564197838306427,0.7095440626144409,0.5633897185325623,0.7104964256286621,0.5624752044677734,0.7115300893783569,0.5624040961265564,0.7015919089317322,0.5583134889602661,0.7130426168441772,0.569297730922699,0.7248696088790894,0.5674024224281311,0.7289519906044006,0.5659880042076111,0.728367805480957,0.554755449295044,0.7661315202713013,0.5814337730407715,0.7451481819152832,0.5614343881607056,0.8162946105003357,0.5842300653457642,0.7360144853591919,0.5708227753639221,0.7876131534576416,0.5825822949409485,0.7285633683204651,0.5729401707649231,0.7806968688964844,0.5830549001693726,0.7325875759124756,0.5712016820907593,0.771018385887146,0.5833742618560791,0.7372753024101257,0.5709298253059387,0.7716734409332275,0.5734313130378723,0.876011848449707,0.5688185691833496,0.896079421043396,0.5724087953567505,0.8619742393493652,0.5646684765815735,0.8604893088340759,0.5768068432807922,0.9022681713104248,0.5742153525352478,0.9091691374778748,0.5733532309532166,0.905301570892334,0.5714181065559387,0.912881076335907,0.5875180959701538,0.9182065725326538,0.5859200954437256,0.9240825176239014,1
0.5645838379859924,0.6764306426048279,0.5633824467658997,0.6617323756217957,0.5635924339294434,0.660585880279541,0.56382155418396,0.659376859664917,0.5618158578872681,0.6639039516448975,0.5609272122383118,0.6641016006469727,0.5599125623703003,0.6643522381782532,0.5610695481300354,0.6563340425491333,0.5556000471115112,0.6634963750839233,0.5643013119697571,0.682765781879425,0.5621152520179749,0.6847055554389954,0.5624755620956421,0.6882869005203247,0.5479626655578613,0.7165626287460327,0.569023072719574,0.7277448177337646,0.5445404648780823,0.7869797348976135,0.5541701912879944,0.7528641223907471,0.5506259799003601,0.7678272724151611,0.550782322883606,0.7583605051040649,0.5529152154922485,0.7641828060150146,0.548656702041626,0.7617642879486084,0.5533707737922668,0.7556787729263306,0.5490401983261108,0.7614926695823669,0.5533799529075623,0.7569146752357483,0.570862352848053,0.8429356217384338,0.5619164109230042,0.8603912591934204,0.562553346157074,0.776067852973938,0.5489327311515808,0.7611656188964844,0.5642773509025574,0.7878026962280273,0.5614566802978516,0.7869740724563599,0.5601141452789307,0.7863924503326416,0.560446560382843,0.7885841131210327,0.5734692811965942,0.8057493567466736,0.5708282589912415,0.8028898239135742,1
0.5693596601486206,0.7099421620368958,0.5691167116165161,0.6959702968597412,0.5694472193717957,0.6941152215003967,0.5698061585426331,0.6922228336334229,0.5669859051704407,0.7000184059143066,0.565899670124054,0.7008275985717773,0.5647032856941223,0.7016642093658447,0.5670374035835266,0.6871704459190369,0.5596665740013123,0.7004635334014893,0.5685531497001648,0.713924765586853,0.5660362839698792,0.7178017497062683,0.5645599365234375,0.7088868021965027,0.5484853982925415,0.7416348457336426,0.5650946497917175,0.7148784399032593,0.5382570624351501,0.7791845798492432,0.5473081469535828,0.7071294784545898,0.5437899827957153,0.7152600884437561,0.5425903797149658,0.7019229531288147,0.5461387038230896,0.6980777978897095,0.5409480333328247,0.7049347162246704,0.5459729433059692,0.6890353560447693,0.5420214533805847,0.7075881958007812,0.5458763241767883,0.6952500939369202,0.5701864361763,0.8669205904006958,0.5602510571479797,0.8810784220695496,0.5638798475265503,0.7683264017105103,0.5471320152282715,0.7559396028518677,0.5583624839782715,0.7434238195419312,0.5577410459518433,0.7379108667373657,0.5557360649108887,0.7425792217254639,0.5595852136611938,0.7385794520378113,0.5599809885025024,0.731480598449707,0.5580881237983704,0.7268152236938477,1
0.5731120109558105,0.6986848711967468,0.5729728937149048,0.6849610805511475,0.572704017162323,0.6837743520736694,0.5724268555641174,0.6825248003005981,0.5724276304244995,0.686450719833374,0.5718093514442444,0.6859537959098816,0.5710865259170532,0.6855113506317139,0.5683500170707703,0.6754558086395264,0.5662180185317993,0.6797006130218506,0.5704047679901123,0.7026811242103577,0.569683849811554,0.7031943798065186,0.5567559003829956,0.6997028589248657,0.5546475052833557,0.718331515789032,0.551447868347168,0.7182235717773438,0.5599870085716248,0.7615204453468323,0.5366484522819519,0.6596710085868835,0.5665190815925598,0.7240073680877686,0.5311057567596436,0.6410542726516724,0.5689970850944519,0.7134732007980347,0.5325496196746826,0.6365635395050049,0.5674598813056946,0.7070845365524292,0.5341204404830933,0.6436072587966919,0.5672285556793213,0.7088651061058044,0.5682443976402283,0.8598322868347168,0.5663149356842041,0.8714208602905273,0.5586515069007874,0.8709044456481934,0.5578360557556152,0.8694512248039246,0.5689702033996582,0.878269612789154,0.5669421553611755,0.8854008316993713,0.5672008395195007,0.8734252452850342,0.565483570098877,0.8828223347663879,0.5779039859771729,0.9024955034255981,0.5763504505157471,0.9062116146087646,1
0.5772262215614319,0.6981357336044312,0.5768570899963379,0.6832985281944275,0.5764271020889282,0.6814563274383545,0.5759833455085754,0.6795746088027954,0.5762372612953186,0.6858965158462524,0.5755015015602112,0.6854518055915833,0.5746619701385498,0.6850961446762085,0.5709807872772217,0.6682339310646057,0.5686620473861694,0.6761325597763062,0.5741957426071167,0.7000159025192261,0.5734587907791138,0.7019612789154053,0.5589731931686401,0.6862287521362305,0.5557551383972168,0.7135499715805054,0.5711924433708191,0.6769812703132629,0.5676954388618469,0.7560993432998657,0.561640739440918,0.633855938911438,0.5784903168678284,0.7230938673019409,0.5564274787902832,0.618948757648468,0.5819917321205139,0.71364825963974,0.5569738149642944,0.6179755926132202,0.5789521336555481,0.7077255249023438,0.5588334798812866,0.623607873916626,0.57826828956604,0.7089267373085022,0.5709832906723022,0.8472450375556946,0.569227933883667,0.8613826632499695,0.565727710723877,0.8327557444572449,0.5605035424232483,0.8222773671150208,0.5724802613258362,0.8686501383781433,0.5712563991546631,0.8852280974388123,0.5678279995918274,0.867932915687561,0.5665736794471741,0.8902922868728638,0.5851521492004395,0.8986763954162598,0.584747314453125,0.9141390919685364,1
