timestamp,person_id,access_type,confidence,is_normal,role,device_id
2026-01-16T04:45:45.483343,resident_1,entry,0.8885041045716767,yes,resident,door_001
2026-01-16T05:00:45.483343,resident_2,entry,0.8541716107213299,yes,resident,door_001
2026-01-16T05:12:45.483343,resident_3,entry,0.9128892664797394,yes,resident,door_001
2026-01-16T06:44:45.483343,caregiver_2,entry,0.914319483154058,yes,caregiver,door_001
2026-01-16T07:03:45.483343,caregiver_1,entry,0.9031898220892272,yes,caregiver,door_001
2026-01-16T07:17:45.483343,caregiver_2,exit,0.9862362069571119,yes,caregiver,door_001
2026-01-16T07:44:45.483343,caregiver_1,exit,0.9686492112886443,yes,caregiver,door_001
2026-01-16T11:15:45.483343,caregiver_1,entry,0.8717671299736494,yes,caregiver,door_001
2026-01-16T12:03:45.483343,caregiver_2,entry,0.9272856883782518,yes,caregiver,door_001
2026-01-16T12:15:45.483343,caregiver_1,exit,0.9568891780609133,yes,caregiver,door_001
2026-01-16T12:59:45.483343,caregiver_2,exit,0.9380095719292221,yes,caregiver,door_001
2026-01-16T14:33:45.483343,resident_2,exit,0.8778372710961307,yes,resident,door_001
2026-01-16T14:41:45.483343,resident_1,exit,0.9536934842534746,yes,resident,door_001
2026-01-16T14:46:45.483343,resident_3,exit,0.9628146952565931,yes,resident,door_001
2026-01-17T04:53:45.483343,resident_2,entry,0.5353505002934051,no,resident,door_001
2026-01-17T05:08:45.483343,resident_3,entry,0.9018253353963636,yes,resident,door_001
2026-01-17T05:34:45.483343,resident_1,entry,0.8769204026359324,yes,resident,door_001
2026-01-17T06:12:45.483343,caregiver_2,entry,0.9650523631609531,yes,caregiver,door_001
2026-01-17T07:07:45.483343,caregiver_2,exit,0.8941634267282714,yes,caregiver,door_001
2026-01-17T08:32:45.483343,caregiver_1,entry,0.9520777517130489,yes,caregiver,door_001
2026-01-17T09:07:45.483343,caregiver_1,exit,0.9147164296591562,yes,caregiver,door_001
2026-01-17T14:12:45.483343,caregiver_2,entry,0.9458459951385825,yes,caregiver,door_001
2026-01-17T15:08:45.483343,caregiver_2,exit,0.9575639008629321,yes,caregiver,door_001
2026-01-17T15:47:45.483343,resident_1,exit,0.890514314904295,yes,resident,door_001
2026-01-17T16:42:45.483343,resident_3,exit,0.9811316422797491,yes,resident,door_001
2026-01-18T04:56:45.483343,resident_1,entry,0.9820073600069076,yes,resident,door_001
2026-01-18T05:36:45.483343,resident_3,entry,0.858893878861274,yes,resident,door_001
2026-01-18T05:45:45.483343,resident_2,entry,0.9318420386312957,yes,resident,door_001
2026-01-18T09:11:45.483343,resident_1,exit,0.9417614131412833,yes,resident,door_001
2026-01-18T10:21:45.483343,resident_2,exit,0.8807049062820197,yes,resident,door_001
2026-01-18T10:25:45.483343,caregiver_1,entry,0.8721420856082538,yes,caregiver,door_001
2026-01-18T10:31:45.483343,resident_3,exit,0.8851979767974538,yes,resident,door_001
2026-01-18T10:51:45.483343,caregiver_2,entry,0.9394529292812407,yes,caregiver,door_001
2026-01-18T10:55:45.483343,caregiver_1,exit,0.9835342298529512,yes,caregiver,door_001
2026-01-18T11:40:45.483343,caregiver_2,exit,0.8778475542470626,yes,caregiver,door_001
2026-01-18T11:41:45.483343,resident_3,entry,0.9509010547104273,yes,resident,door_001
2026-01-18T12:30:45.483343,resident_2,entry,0.9190922168845483,yes,resident,door_001
2026-01-18T14:46:45.483343,caregiver_2,entry,0.8750112632742184,yes,caregiver,door_001
2026-01-18T14:53:45.483343,resident_2,exit,0.8653508782490923,yes,resident,door_001
2026-01-18T14:54:45.483343,resident_1,entry,0.978036662563676,yes,resident,door_001
2026-01-18T15:45:45.483343,caregiver_2,exit,0.8648975151916787,yes,caregiver,door_001
2026-01-18T16:47:45.483343,resident_3,exit,0.9397346518011731,yes,resident,door_001
2026-01-18T17:07:45.483343,resident_1,exit,0.8870832233097273,yes,resident,door_001
2026-01-19T04:03:45.483343,resident_2,entry,0.9524670632782479,yes,resident,door_001
2026-01-19T04:32:45.483343,resident_1,entry,0.9834899646714904,yes,resident,door_001
2026-01-19T04:43:45.483343,resident_3,entry,0.8936402807821253,yes,resident,door_001
2026-01-19T06:53:45.483343,caregiver_2,entry,0.8962599884712698,yes,caregiver,door_001
2026-01-19T07:36:45.483343,resident_1,exit,0.8953818479806542,yes,resident,door_001
2026-01-19T07:39:45.483343,caregiver_2,exit,0.8833206488116593,yes,caregiver,door_001
2026-01-19T08:58:45.483343,caregiver_1,entry,0.8599390320412645,yes,caregiver,door_001
2026-01-19T09:26:45.483343,resident_3,exit,0.9759459718500123,yes,resident,door_001
2026-01-19T09:48:45.483343,caregiver_1,exit,0.8582423273626852,yes,caregiver,door_001
2026-01-19T11:05:45.483343,resident_1,entry,0.9800738062770464,yes,resident,door_001
2026-01-19T11:47:45.483343,resident_2,exit,0.8676064716128618,yes,resident,door_001
2026-01-19T14:05:45.483343,resident_3,entry,0.8847067859132411,yes,resident,door_001
2026-01-19T14:19:45.483343,resident_3,exit,0.8529447964009882,yes,resident,door_001
2026-01-19T14:33:45.483343,resident_2,entry,0.8731177742563778,yes,resident,door_001
2026-01-19T16:13:45.483343,resident_1,exit,0.8581095233091862,yes,resident,door_001
2026-01-19T17:11:45.483343,resident_2,exit,0.9800478890203047,yes,resident,door_001
2026-01-20T04:13:45.483343,resident_3,entry,0.8768226100998315,yes,resident,door_001
2026-01-20T04:32:45.483343,resident_1,entry,0.8685236588215035,yes,resident,door_001
2026-01-20T05:27:45.483343,resident_2,entry,0.9709371447717444,yes,resident,door_001
2026-01-20T06:39:45.483343,caregiver_1,entry,0.9898995455777817,yes,caregiver,door_001
2026-01-20T07:35:45.483343,caregiver_1,exit,0.8520660999093911,yes,caregiver,door_001
2026-01-20T08:25:45.483343,resident_3,exit,0.8756883250102127,yes,resident,door_001
2026-01-20T09:08:45.483343,caregiver_2,entry,0.9068979681133461,yes,caregiver,door_001
2026-01-20T09:53:45.483343,caregiver_2,exit,0.8799246218878854,yes,caregiver,door_001
2026-01-20T11:34:45.483343,resident_1,exit,0.9161739436836511,yes,resident,door_001
2026-01-20T14:01:45.483343,resident_2,exit,0.9063669794943177,yes,resident,door_001
2026-01-20T14:04:45.483343,resident_1,exit,0.9422575849320528,yes,resident,door_001
2026-01-20T14:13:45.483343,resident_3,entry,0.9724280335698812,yes,resident,door_001
2026-01-20T14:26:45.483343,resident_3,exit,0.9631231142624384,yes,resident,door_001
2026-01-20T14:49:45.483343,resident_1,entry,0.9069883946080312,yes,resident,door_001
2026-01-21T04:01:45.484344,resident_3,entry,0.9845090464584231,yes,resident,door_001
2026-01-21T04:08:45.484344,resident_1,entry,0.9030562366567683,yes,resident,door_001
2026-01-21T04:35:45.484344,resident_2,entry,0.9530032050304661,yes,resident,door_001
2026-01-21T07:24:45.484344,caregiver_2,entry,0.9420322430261532,yes,caregiver,door_001
2026-01-21T08:12:45.484344,caregiver_2,exit,0.9231895801744743,yes,caregiver,door_001
2026-01-21T09:57:45.484344,resident_1,exit,0.9597698842727997,yes,resident,door_001
2026-01-21T12:05:45.484344,caregiver_1,entry,0.9818234578120725,yes,caregiver,door_001
2026-01-21T12:53:45.484344,caregiver_1,exit,0.8844701486904074,yes,caregiver,door_001
2026-01-21T14:16:45.484344,resident_1,entry,0.9092210480386228,yes,resident,door_001
2026-01-21T15:02:45.484344,resident_3,exit,0.9333049149030038,yes,resident,door_001
2026-01-21T16:01:45.484344,resident_2,exit,0.8570199272169535,yes,resident,door_001
2026-01-21T17:07:45.484344,resident_1,exit,0.8765857014174692,yes,resident,door_001
2026-01-22T04:32:45.484344,resident_3,entry,0.8798416037173856,yes,resident,door_001
2026-01-22T04:40:45.484344,resident_1,entry,0.9502668521105181,yes,resident,door_001
2026-01-22T05:57:45.484344,resident_2,entry,0.9552610289380163,yes,resident,door_001
2026-01-22T07:54:45.484344,caregiver_2,entry,0.8688007560150715,yes,caregiver,door_001
2026-01-22T08:27:45.484344,caregiver_2,exit,0.9745597789807993,yes,caregiver,door_001
2026-01-22T11:16:45.484344,caregiver_1,entry,0.8720845565300125,yes,caregiver,door_001
2026-01-22T12:12:45.484344,caregiver_1,exit,0.9260505147166221,yes,caregiver,door_001
2026-01-22T13:58:45.484344,caregiver_2,entry,0.9435008485197617,yes,caregiver,door_001
2026-01-22T14:45:45.484344,caregiver_2,exit,0.8919130253079969,yes,caregiver,door_001
2026-01-22T16:54:45.484344,resident_3,exit,0.8596307839684026,yes,resident,door_001
2026-01-22T17:06:45.484344,resident_1,exit,0.944036631214396,yes,resident,door_001
2026-01-22T17:37:45.484344,resident_2,exit,0.9897836217196219,yes,resident,door_001
2026-01-23T04:15:45.484344,resident_1,entry,0.8894458780041052,yes,resident,door_001
2026-01-23T05:14:45.484344,resident_2,entry,0.9767471087511053,yes,resident,door_001
2026-01-23T05:33:45.484344,resident_3,entry,0.9487934425463986,yes,resident,door_001
2026-01-23T06:55:45.484344,caregiver_1,entry,0.9000932925150597,yes,caregiver,door_001
2026-01-23T07:02:45.484344,resident_3,exit,0.9823071314665295,yes,resident,door_001
2026-01-23T07:38:45.484344,resident_2,exit,0.9093006081589217,yes,resident,door_001
2026-01-23T07:46:45.484344,caregiver_1,exit,0.8849341634912093,yes,caregiver,door_001
2026-01-23T08:00:45.484344,caregiver_1,entry,0.8931561689902187,yes,caregiver,door_001
2026-01-23T08:58:45.484344,caregiver_1,exit,0.9806323214728916,yes,caregiver,door_001
2026-01-23T11:47:45.484344,caregiver_2,entry,0.9283836926801418,yes,caregiver,door_001
2026-01-23T12:32:45.484344,resident_3,entry,0.8550439393285163,yes,resident,door_001
2026-01-23T12:44:45.484344,caregiver_2,exit,0.9068928345764964,yes,caregiver,door_001
2026-01-23T13:00:45.484344,resident_2,entry,0.8504963964722895,yes,resident,door_001
2026-01-23T15:38:45.484344,resident_2,exit,0.987171713536037,yes,resident,door_001
2026-01-23T16:11:45.484344,resident_1,exit,0.9462495980321862,yes,resident,door_001
2026-01-23T16:35:45.484344,resident_3,exit,0.9273535135442996,yes,resident,door_001
2026-01-24T04:12:45.484344,resident_3,entry,0.8533130208582032,yes,resident,door_001
2026-01-24T04:15:45.484344,resident_2,entry,0.8722876980173023,yes,resident,door_001
2026-01-24T04:57:45.484344,resident_1,entry,0.9801833421971144,yes,resident,door_001
2026-01-24T08:35:45.484344,caregiver_2,entry,0.9847548042066178,yes,caregiver,door_001
2026-01-24T08:54:45.484344,resident_1,exit,0.9077212174495316,yes,resident,door_001
2026-01-24T09:13:45.484344,caregiver_2,exit,0.8553560076294567,yes,caregiver,door_001
2026-01-24T10:53:45.484344,resident_2,exit,0.85542144507321,yes,resident,door_001
2026-01-24T11:39:45.484344,caregiver_1,entry,0.9213167945739252,yes,caregiver,door_001
2026-01-24T12:20:45.484344,caregiver_2,entry,0.9519963084913786,yes,caregiver,door_001
2026-01-24T12:30:45.484344,caregiver_1,exit,0.9873609562077564,yes,caregiver,door_001
2026-01-24T12:45:45.484344,resident_1,entry,0.9794282213338164,yes,resident,door_001
2026-01-24T13:00:45.484344,caregiver_2,exit,0.911095143741885,yes,caregiver,door_001
2026-01-24T14:12:45.484344,resident_2,entry,0.8779401962036052,yes,resident,door_001
2026-01-24T14:19:45.484344,caregiver_1,entry,0.9814931996454602,yes,caregiver,door_001
2026-01-24T14:52:45.484344,caregiver_1,exit,0.9727853776205784,yes,caregiver,door_001
2026-01-24T16:15:45.484344,resident_3,exit,0.9710094118842401,yes,resident,door_001
2026-01-24T17:20:45.484344,resident_2,exit,0.8927267214274041,yes,resident,door_001
2026-01-24T17:49:45.484344,resident_1,exit,0.9437869981003475,yes,resident,door_001
2026-01-25T04:21:45.484344,resident_2,entry,0.9103816359474981,yes,resident,door_001
2026-01-25T04:22:45.484344,resident_1,entry,0.9759306626075679,yes,resident,door_001
2026-01-25T05:33:45.484344,resident_3,entry,0.8678202918682815,yes,resident,door_001
2026-01-25T08:40:45.484344,caregiver_2,entry,0.861871375141517,yes,caregiver,door_001
2026-01-25T09:26:45.484344,caregiver_2,exit,0.9429395370826998,yes,caregiver,door_001
2026-01-25T09:37:45.484344,resident_2,exit,0.8939481903081703,yes,resident,door_001
2026-01-25T10:11:45.484344,caregiver_1,entry,0.9101843409985768,yes,caregiver,door_001
2026-01-25T10:41:45.484344,resident_3,exit,0.9547388384222446,yes,resident,door_001
2026-01-25T10:59:45.484344,caregiver_1,exit,0.9349326198671668,yes,caregiver,door_001
2026-01-25T11:03:45.484344,caregiver_2,entry,0.964579285035133,yes,caregiver,door_001
2026-01-25T11:27:45.484344,caregiver_1,entry,0.9118500423573134,yes,caregiver,door_001
2026-01-25T11:44:45.484344,resident_2,entry,0.9760065569135927,yes,resident,door_001
2026-01-25T11:57:45.484344,caregiver_2,exit,0.8828816037937357,yes,caregiver,door_001
2026-01-25T12:18:45.484344,caregiver_1,exit,0.879918196138474,yes,caregiver,door_001
2026-01-25T12:37:45.484344,resident_3,entry,0.9296747356812133,yes,resident,door_001
2026-01-25T14:43:45.484344,resident_1,exit,0.9110480521636961,yes,resident,door_001
2026-01-25T16:40:45.484344,resident_2,exit,0.9071750072066903,yes,resident,door_001
2026-01-25T17:33:45.484344,resident_3,exit,0.966721523702568,yes,resident,door_001
2026-01-26T03:55:45.484344,resident_2,entry,0.7724471423685637,no,resident,door_001
2026-01-26T04:07:45.484344,resident_1,entry,0.8534195542817556,yes,resident,door_001
2026-01-26T04:07:45.484344,resident_3,entry,0.8823766071619461,yes,resident,door_001
2026-01-26T06:20:45.484344,caregiver_1,entry,0.8918057713321337,yes,caregiver,door_001
2026-01-26T06:52:45.484344,caregiver_1,entry,0.9732919341860953,yes,caregiver,door_001
2026-01-26T07:02:45.484344,caregiver_1,exit,0.9694827130796746,yes,caregiver,door_001
2026-01-26T07:40:45.484344,caregiver_1,exit,0.9032533440498796,yes,caregiver,door_001
2026-01-26T08:02:45.484344,resident_3,exit,0.9080815054257505,yes,resident,door_001
2026-01-26T09:29:45.484344,caregiver_2,entry,0.880719028847001,yes,caregiver,door_001
2026-01-26T10:09:45.484344,resident_2,exit,0.5175764347992243,no,resident,door_001
2026-01-26T10:12:45.484344,caregiver_2,exit,0.91798987913179,yes,caregiver,door_001
2026-01-26T10:15:45.484344,resident_2,exit,0.6118983489465668,no,resident,door_001
2026-01-26T10:56:45.484344,resident_2,entry,0.6597616389145604,no,resident,door_001
2026-01-26T11:26:45.484344,resident_2,entry,0.7497407019138698,no,resident,door_001
2026-01-26T11:47:45.484344,resident_2,exit,0.7193619529436235,no,resident,door_001
2026-01-26T13:32:45.484344,resident_3,entry,0.9152294024691611,yes,resident,door_001
2026-01-26T14:11:45.484344,resident_3,exit,0.9666047637076682,yes,resident,door_001
2026-01-26T14:45:45.484344,caregiver_2,entry,0.9528487685058901,yes,caregiver,door_001
2026-01-26T15:29:45.484344,resident_2,exit,0.5853945538524536,no,resident,door_001
2026-01-26T15:40:45.484344,caregiver_2,exit,0.9344553624517737,yes,caregiver,door_001
2026-01-26T17:37:45.484344,resident_1,exit,0.9689632772474625,yes,resident,door_001
2026-01-26T17:37:45.484344,resident_2,exit,0.7906992094024952,no,resident,door_001
2026-01-26T17:40:45.484344,resident_2,exit,0.8325138629551045,no,resident,door_001
2026-01-26T17:55:45.484344,resident_2,entry,0.7602794047558548,no,resident,door_001
2026-01-26T18:26:45.484344,resident_2,exit,0.7631218752751789,no,resident,door_001
2026-01-27T04:14:45.484344,resident_2,exit,0.614573433429607,no,resident,door_001
2026-01-27T04:20:45.484344,resident_2,entry,0.7275504326374562,no,resident,door_001
2026-01-27T04:46:45.484344,resident_2,entry,0.8323641064505961,no,resident,door_001
2026-01-27T05:04:45.484344,resident_3,entry,0.9310158625512941,yes,resident,door_001
2026-01-27T05:28:45.484344,resident_2,entry,0.7621584913789977,no,resident,door_001
2026-01-27T05:44:45.484344,resident_1,entry,0.8731062623684912,yes,resident,door_001
2026-01-27T06:20:45.484344,caregiver_2,entry,0.92458433434347,yes,caregiver,door_001
2026-01-27T07:11:45.484344,caregiver_2,exit,0.9018799226705279,yes,caregiver,door_001
2026-01-27T07:42:45.484344,caregiver_1,entry,0.9581473238931714,yes,caregiver,door_001
2026-01-27T08:36:45.484344,resident_2,entry,0.7722271601614015,no,resident,door_001
2026-01-27T08:37:45.484344,resident_1,exit,0.9247773081345506,yes,resident,door_001
2026-01-27T08:39:45.484344,caregiver_1,exit,0.9457962654833318,yes,caregiver,door_001
2026-01-27T09:27:45.484344,resident_2,exit,0.7684143344246843,no,resident,door_001
2026-01-27T09:51:45.484344,resident_2,entry,0.7174674798051552,no,resident,door_001
2026-01-27T10:06:45.484344,resident_2,exit,0.7343105956169687,no,resident,door_001
2026-01-27T11:41:45.484344,resident_3,exit,0.9771236611466423,yes,resident,door_001
2026-01-27T14:03:45.484344,resident_1,exit,0.9399849507213069,yes,resident,door_001
2026-01-27T14:23:45.484344,resident_3,entry,0.9818058837957834,yes,resident,door_001
2026-01-27T14:35:45.484344,resident_1,entry,0.9290148776234683,yes,resident,door_001
2026-01-27T15:02:45.484344,resident_3,exit,0.9328937005749793,yes,resident,door_001
2026-01-27T15:15:45.484344,resident_2,exit,0.5882950361238332,no,resident,door_001
2026-01-27T17:18:45.484344,resident_2,exit,0.7664303977629094,no,resident,door_001
2026-01-28T04:58:45.484344,resident_1,entry,0.9689405877799409,yes,resident,door_001
2026-01-28T05:19:45.484344,resident_3,entry,0.8540179996878126,yes,resident,door_001
2026-01-28T05:27:45.484344,resident_2,entry,0.9109804290205452,yes,resident,door_001
2026-01-28T07:13:45.484344,caregiver_1,entry,0.9508104529745872,yes,caregiver,door_001
2026-01-28T07:25:45.484344,resident_1,exit,0.984510259410041,yes,resident,door_001
2026-01-28T07:58:45.484344,caregiver_1,exit,0.9277246696214605,yes,caregiver,door_001
2026-01-28T08:29:45.484344,resident_3,exit,0.8796967790251634,yes,resident,door_001
2026-01-28T09:18:45.484344,resident_2,exit,0.9692398424027064,yes,resident,door_001
2026-01-28T11:15:45.484344,resident_2,entry,0.973428365760388,yes,resident,door_001
2026-01-28T13:19:45.484344,resident_3,entry,0.889152188325262,yes,resident,door_001
2026-01-28T13:39:45.484344,caregiver_2,entry,0.9496579369061812,yes,caregiver,door_001
2026-01-28T14:23:45.484344,caregiver_2,exit,0.9610106015385245,yes,caregiver,door_001
2026-01-28T14:43:45.484344,resident_1,entry,0.8714187608731404,yes,resident,door_001
2026-01-28T15:44:45.484344,resident_1,exit,0.9230445445713872,yes,resident,door_001
2026-01-28T15:46:45.484344,resident_2,exit,0.9150591853244524,yes,resident,door_001
2026-01-28T16:33:45.484344,resident_3,exit,0.8514211560214148,yes,resident,door_001
2026-01-29T04:10:45.484344,resident_3,entry,0.8802938495830048,yes,resident,door_001
2026-01-29T04:23:45.484344,resident_1,entry,0.7421255043533206,no,resident,door_001
2026-01-29T05:28:45.484344,resident_2,entry,0.9274862137014349,yes,resident,door_001
2026-01-29T06:33:45.484344,caregiver_1,entry,0.8908991302373889,yes,caregiver,door_001
2026-01-29T06:43:45.484344,caregiver_1,entry,0.9247789124974728,yes,caregiver,door_001
2026-01-29T07:21:45.484344,caregiver_1,exit,0.8563721981376505,yes,caregiver,door_001
2026-01-29T07:33:45.484344,caregiver_1,exit,0.8676791290141772,yes,caregiver,door_001
2026-01-29T07:53:45.484344,caregiver_2,entry,0.8517171564725711,yes,caregiver,door_001
2026-01-29T08:32:45.484344,caregiver_2,exit,0.9157155722902715,yes,caregiver,door_001
2026-01-29T11:19:45.484344,resident_2,exit,0.8992534738659835,yes,resident,door_001
2026-01-29T11:46:45.484344,resident_3,exit,0.9234491616752051,yes,resident,door_001
2026-01-29T13:04:45.484344,resident_3,entry,0.9665679708657895,yes,resident,door_001
2026-01-29T13:19:45.484344,caregiver_2,entry,0.8758109138546114,yes,caregiver,door_001
2026-01-29T13:50:45.484344,caregiver_2,exit,0.8853469746690161,yes,caregiver,door_001
2026-01-29T14:15:45.484344,resident_2,entry,0.8929272187888362,yes,resident,door_001
2026-01-29T15:05:45.484344,resident_2,exit,0.9509798063856497,yes,resident,door_001
2026-01-29T16:12:45.484344,resident_3,exit,0.9005233496809141,yes,resident,door_001
2026-01-30T04:37:45.484344,resident_2,entry,0.8316565701138823,no,resident,door_001
2026-01-30T04:48:45.484344,resident_3,entry,0.6076641344149813,no,resident,door_001
2026-01-30T04:50:45.484344,resident_1,entry,0.8591480809159505,yes,resident,door_001
2026-01-30T05:08:45.484344,resident_2,entry,0.5608347419142521,no,resident,door_001
2026-01-30T05:08:45.484344,resident_2,entry,0.6429811504310093,no,resident,door_001
2026-01-30T07:56:45.484344,resident_2,exit,0.7893209058775208,no,resident,door_001
2026-01-30T09:25:45.484344,resident_2,entry,0.6905968325487025,no,resident,door_001
2026-01-30T09:38:45.484344,resident_2,entry,0.5926261438515026,no,resident,door_001
2026-01-30T10:30:45.484344,caregiver_1,entry,0.9255974187637219,yes,caregiver,door_001
2026-01-30T10:57:45.484344,resident_2,exit,0.7757398093263559,no,resident,door_001
2026-01-30T11:14:45.484344,caregiver_1,exit,0.8612618592659022,yes,caregiver,door_001
2026-01-30T11:38:45.484344,resident_1,exit,0.9461031425558423,yes,resident,door_001
2026-01-30T12:07:45.484344,resident_1,entry,0.9635598906785067,yes,resident,door_001
2026-01-30T12:42:45.484344,resident_2,exit,0.5249129160537177,no,resident,door_001
2026-01-30T12:45:45.484344,caregiver_2,entry,0.895125021670162,yes,caregiver,door_001
2026-01-30T12:53:45.484344,resident_2,exit,0.6068830855117762,no,resident,door_001
2026-01-30T13:05:45.484344,caregiver_1,entry,0.9156177158386627,yes,caregiver,door_001
2026-01-30T13:23:45.484344,caregiver_2,exit,0.853621084934367,yes,caregiver,door_001
2026-01-30T13:44:45.484344,caregiver_1,exit,0.9479627158966004,yes,caregiver,door_001
2026-01-30T16:03:45.484344,resident_1,exit,0.9891485371794309,yes,resident,door_001
2026-01-30T18:16:45.484344,resident_2,entry,0.581016682094609,no,resident,door_001
2026-01-30T19:22:45.484344,resident_2,exit,0.8179765321683313,no,resident,door_001
2026-01-31T04:46:45.484344,resident_1,entry,0.9441194218024535,yes,resident,door_001
2026-01-31T05:24:45.484344,resident_3,entry,0.9471143143576806,yes,resident,door_001
2026-01-31T05:56:45.484344,resident_2,entry,0.8889419201419388,yes,resident,door_001
2026-01-31T10:38:45.484344,resident_2,exit,0.9639942922356844,yes,resident,door_001
2026-01-31T11:28:45.484344,resident_2,entry,0.898714547881251,yes,resident,door_001
2026-01-31T13:03:45.484344,caregiver_1,entry,0.8940324020038235,yes,caregiver,door_001
2026-01-31T13:24:45.484344,caregiver_2,entry,0.857588571952742,yes,caregiver,door_001
2026-01-31T13:43:45.484344,caregiver_1,exit,0.8662290242003341,yes,caregiver,door_001
2026-01-31T14:10:45.484344,caregiver_2,exit,0.9006491102812345,yes,caregiver,door_001
2026-01-31T14:46:45.484344,resident_1,exit,0.955877636257758,yes,resident,door_001
2026-01-31T14:50:45.484344,caregiver_2,entry,0.9883366900694456,yes,caregiver,door_001
2026-01-31T15:41:45.484344,caregiver_2,exit,0.9717114478048914,yes,caregiver,door_001
2026-01-31T16:18:45.484344,resident_2,exit,0.9438186913329659,yes,resident,door_001
2026-01-31T17:50:45.484344,resident_3,exit,0.9564699680880719,yes,resident,door_001
2026-02-01T04:39:45.484344,resident_3,entry,0.9665000443276461,yes,resident,door_001
2026-02-01T05:05:45.484344,resident_2,entry,0.8540417219418328,yes,resident,door_001
2026-02-01T05:46:45.484344,resident_1,entry,0.8572256485260885,yes,resident,door_001
2026-02-01T07:15:45.484344,caregiver_2,entry,0.9581745185747808,yes,caregiver,door_001
2026-02-01T08:12:45.484344,caregiver_2,exit,0.9080919392971883,yes,caregiver,door_001
2026-02-01T08:43:45.484344,resident_2,exit,0.8721729429327325,yes,resident,door_001
2026-02-01T09:30:45.484344,resident_3,exit,0.9487576281896195,yes,resident,door_001
2026-02-01T11:33:45.484344,resident_2,entry,0.9071186962205864,yes,resident,door_001
2026-02-01T12:10:45.484344,caregiver_1,entry,0.9790615409904186,yes,caregiver,door_001
2026-02-01T12:56:45.484344,caregiver_1,exit,0.9544809563689357,yes,caregiver,door_001
2026-02-01T14:51:45.484344,resident_3,entry,0.9175499407740999,yes,resident,door_001
2026-02-01T15:51:45.484344,resident_2,exit,0.9778101829877834,yes,resident,door_001
2026-02-01T15:57:45.484344,resident_1,exit,0.8903240802983661,yes,resident,door_001
2026-02-01T17:13:45.484344,resident_3,exit,0.9139501061825239,yes,resident,door_001
2026-02-02T04:29:45.484344,resident_3,entry,0.9850754213719275,yes,resident,door_001
2026-02-02T05:27:45.484344,resident_2,entry,0.9805993158001365,yes,resident,door_001
2026-02-02T05:50:45.484344,resident_1,entry,0.8503591363102008,yes,resident,door_001
2026-02-02T07:31:45.484344,caregiver_1,entry,0.9774618348775054,yes,caregiver,door_001
2026-02-02T08:01:45.484344,caregiver_1,exit,0.9511421358598899,yes,caregiver,door_001
2026-02-02T08:34:45.484344,resident_2,exit,0.9036159188501443,yes,resident,door_001
2026-02-02T11:35:45.484344,resident_1,exit,0.9898463266521074,yes,resident,door_001
2026-02-02T11:37:45.484344,caregiver_2,entry,0.9469786438021635,yes,caregiver,door_001
2026-02-02T11:52:45.484344,caregiver_2,entry,0.9444100493215614,yes,caregiver,door_001
2026-02-02T12:27:45.484344,caregiver_2,exit,0.8612441448811229,yes,caregiver,door_001
2026-02-02T12:39:45.484344,caregiver_2,exit,0.9032013156531717,yes,caregiver,door_001
2026-02-02T12:53:45.484344,caregiver_1,entry,0.9416693856998827,yes,caregiver,door_001
2026-02-02T13:27:45.484344,caregiver_1,exit,0.8604759547541192,yes,caregiver,door_001
2026-02-02T14:00:45.484344,resident_2,entry,0.8945446858127319,yes,resident,door_001
2026-02-02T14:53:45.484344,resident_1,entry,0.8708033585735905,yes,resident,door_001
2026-02-02T16:53:45.484344,resident_3,exit,0.8640510443030793,yes,resident,door_001
2026-02-02T17:20:45.484344,resident_1,exit,0.8965415937995049,yes,resident,door_001
2026-02-02T17:43:45.484344,resident_2,exit,0.9778802234947476,yes,resident,door_001
2026-02-03T01:25:45.485349,resident_3,entry,0.5854691012643889,no,resident,door_001
2026-02-03T04:26:45.485349,resident_2,entry,0.8732910701420915,yes,resident,door_001
2026-02-03T05:53:45.485349,resident_1,entry,0.9257422417776724,yes,resident,door_001
2026-02-03T08:08:45.485349,caregiver_1,entry,0.8745097097088066,yes,caregiver,door_001
2026-02-03T08:38:45.485349,resident_1,exit,0.9458159404168284,yes,resident,door_001
2026-02-03T08:57:45.485349,caregiver_1,exit,0.9719175438102796,yes,caregiver,door_001
2026-02-03T09:29:45.485349,caregiver_1,entry,0.9777960622432976,yes,caregiver,door_001
2026-02-03T10:03:45.485349,caregiver_1,exit,0.8825063822013213,yes,caregiver,door_001
2026-02-03T10:41:45.485349,caregiver_2,entry,0.926523739264284,yes,caregiver,door_001
2026-02-03T11:13:45.485349,caregiver_2,exit,0.911842169704534,yes,caregiver,door_001
2026-02-03T13:12:45.485349,resident_1,entry,0.9545472913433097,yes,resident,door_001
2026-02-03T13:14:45.485349,caregiver_2,entry,0.9433577004173073,yes,caregiver,door_001
2026-02-03T14:00:45.485349,resident_2,exit,0.8954124533493822,yes,resident,door_001
2026-02-03T14:12:45.485349,caregiver_2,exit,0.9626486307765205,yes,caregiver,door_001
2026-02-03T17:04:45.485349,resident_1,exit,0.9564517570191972,yes,resident,door_001
2026-02-04T04:36:45.485349,resident_3,entry,0.9622704740563403,yes,resident,door_001
2026-02-04T04:59:45.485349,resident_2,entry,0.9869122278407607,yes,resident,door_001
2026-02-04T05:38:45.485349,resident_1,entry,0.9846840701952819,yes,resident,door_001
2026-02-04T06:35:45.485349,caregiver_2,entry,0.9010805726239858,yes,caregiver,door_001
2026-02-04T07:09:45.485349,caregiver_2,exit,0.8626186726044707,yes,caregiver,door_001
2026-02-04T07:55:45.485349,caregiver_1,entry,0.9378441350943423,yes,caregiver,door_001
2026-02-04T08:26:45.485349,caregiver_1,exit,0.8932506037533691,yes,caregiver,door_001
2026-02-04T08:58:45.485349,resident_2,exit,0.9292300623737978,yes,resident,door_001
2026-02-04T10:18:45.485349,caregiver_2,entry,0.954647321091372,yes,caregiver,door_001
2026-02-04T10:52:45.485349,resident_1,exit,0.8922970338753639,yes,resident,door_001
2026-02-04T10:53:45.485349,caregiver_2,exit,0.8781112712510106,yes,caregiver,door_001
2026-02-04T11:56:45.485349,resident_2,entry,0.9348969090307064,yes,resident,door_001
2026-02-04T14:52:45.485349,resident_1,entry,0.9176491285482903,yes,resident,door_001
2026-02-04T15:22:45.485349,resident_1,exit,0.9300691769291034,yes,resident,door_001
2026-02-04T15:37:45.485349,resident_3,exit,0.8850877520061062,yes,resident,door_001
2026-02-04T17:51:45.485349,resident_2,exit,0.9765817407251216,yes,resident,door_001
2026-02-05T04:58:45.485349,resident_3,entry,0.8870242009693393,yes,resident,door_001
2026-02-05T05:31:45.485349,resident_1,entry,0.9202512667170776,yes,resident,door_001
2026-02-05T05:45:45.485349,resident_2,entry,0.9718555743055055,yes,resident,door_001
2026-02-05T09:28:45.485349,caregiver_1,entry,0.8535034509505075,yes,caregiver,door_001
2026-02-05T09:39:45.485349,caregiver_2,entry,0.8588503857624273,yes,caregiver,door_001
2026-02-05T10:02:45.485349,resident_2,exit,0.8697059821008235,yes,resident,door_001
2026-02-05T10:26:45.485349,caregiver_1,exit,0.9820436790480989,yes,caregiver,door_001
2026-02-05T10:35:45.485349,caregiver_2,exit,0.9149974550851753,yes,caregiver,door_001
2026-02-05T10:39:45.485349,caregiver_2,entry,0.9071614198113578,yes,caregiver,door_001
2026-02-05T11:13:45.485349,caregiver_2,exit,0.8563485535418734,yes,caregiver,door_001
2026-02-05T12:50:45.485349,caregiver_1,entry,0.9393968974921172,yes,caregiver,door_001
2026-02-05T12:53:45.485349,resident_2,entry,0.9446853214605923,yes,resident,door_001
2026-02-05T13:31:45.485349,caregiver_1,exit,0.8651684543078922,yes,caregiver,door_001
2026-02-05T15:14:45.485349,resident_1,exit,0.9779668534953637,yes,resident,door_001
2026-02-05T16:41:45.485349,resident_3,exit,0.9548616244951464,yes,resident,door_001
2026-02-05T17:52:45.485349,resident_2,exit,0.9626422701628786,yes,resident,door_001
2026-02-06T04:01:45.485349,resident_2,entry,0.9601512426636464,yes,resident,door_001
2026-02-06T04:35:45.485349,resident_3,entry,0.5755829731715362,no,resident,door_001
2026-02-06T06:06:45.485349,caregiver_2,entry,0.8520804458122992,yes,caregiver,door_001
2026-02-06T06:13:45.485349,resident_1,entry,0.6360260409025499,no,resident,door_001
2026-02-06T07:01:45.485349,caregiver_2,exit,0.9603804148235203,yes,caregiver,door_001
2026-02-06T07:54:45.485349,resident_1,exit,0.7292226641227124,no,resident,door_001
2026-02-06T08:06:45.485349,caregiver_2,entry,0.9256301639608412,yes,caregiver,door_001
2026-02-06T09:01:45.485349,caregiver_2,exit,0.874429596926195,yes,caregiver,door_001
2026-02-06T11:00:45.485349,resident_1,exit,0.5760443896441465,no,resident,door_001
2026-02-06T11:10:45.485349,resident_1,entry,0.8321537758917481,no,resident,door_001
2026-02-06T11:47:45.485349,caregiver_1,entry,0.8706575851918021,yes,caregiver,door_001
2026-02-06T12:45:45.485349,caregiver_1,exit,0.9334374289244188,yes,caregiver,door_001
2026-02-06T14:32:45.485349,resident_1,exit,0.5211925312083131,no,resident,door_001
2026-02-06T14:40:45.485349,resident_1,exit,0.7055691209420126,no,resident,door_001
2026-02-06T15:48:45.485349,resident_2,exit,0.9290409166271149,yes,resident,door_001
2026-02-06T17:03:45.485349,resident_1,entry,0.7245965635316262,no,resident,door_001
2026-02-06T17:13:45.485349,resident_1,exit,0.5347741186121456,no,resident,door_001
2026-02-06T18:37:45.485349,resident_1,exit,0.8286685729997794,no,resident,door_001
2026-02-07T03:01:45.485349,resident_2,exit,0.796554490108535,no,resident,door_001
2026-02-07T04:09:45.485349,resident_1,entry,0.8871514511654962,yes,resident,door_001
2026-02-07T04:51:45.485349,resident_3,entry,0.8619510100264267,yes,resident,door_001
2026-02-07T06:18:45.485349,resident_2,exit,0.6093832498996538,no,resident,door_001
2026-02-07T07:02:45.485349,resident_2,entry,0.5962555998452836,no,resident,door_001
2026-02-07T07:46:45.485349,caregiver_2,entry,0.8889995497492998,yes,caregiver,door_001
2026-02-07T08:23:45.485349,caregiver_2,exit,0.9630109919613282,yes,caregiver,door_001
2026-02-07T09:25:45.485349,resident_2,exit,0.8108318576959725,no,resident,door_001
2026-02-07T09:49:45.485349,resident_3,exit,0.868216163500338,yes,resident,door_001
2026-02-07T09:52:45.485349,caregiver_2,entry,0.8651505734698173,yes,caregiver,door_001
2026-02-07T10:20:45.485349,caregiver_1,entry,0.8645040792294486,yes,caregiver,door_001
2026-02-07T10:37:45.485349,resident_2,entry,0.7545350490073073,no,resident,door_001
2026-02-07T10:49:45.485349,caregiver_2,exit,0.9278771666546057,yes,caregiver,door_001
2026-02-07T11:06:45.485349,caregiver_1,exit,0.8797834327940808,yes,caregiver,door_001
2026-02-07T11:21:45.485349,resident_2,entry,0.7403873624134418,no,resident,door_001
2026-02-07T11:35:45.485349,resident_3,entry,0.9839274473385669,yes,resident,door_001
2026-02-07T12:53:45.485349,caregiver_1,entry,0.9782181139361001,yes,caregiver,door_001
2026-02-07T13:22:45.485349,resident_2,exit,0.6588003961514151,no,resident,door_001
2026-02-07T13:24:45.485349,caregiver_1,exit,0.9855758075436064,yes,caregiver,door_001
2026-02-07T16:04:45.485349,resident_2,entry,0.7984774580534513,no,resident,door_001
2026-02-07T16:19:45.485349,resident_2,exit,0.6395555644899337,no,resident,door_001
2026-02-07T16:40:45.485349,resident_3,exit,0.8671123799496383,yes,resident,door_001
2026-02-07T16:41:45.485349,resident_2,entry,0.6715940989504788,no,resident,door_001
2026-02-07T17:02:45.485349,resident_2,entry,0.6127391369112141,no,resident,door_001
2026-02-07T17:31:45.485349,resident_1,exit,0.8659109029501165,yes,resident,door_001
2026-02-07T19:17:45.485349,resident_2,exit,0.725169239471921,no,resident,door_001
2026-02-07T19:35:45.485349,resident_2,entry,0.6582018969680632,no,resident,door_001
2026-02-08T04:36:45.485349,resident_1,entry,0.9800718007392911,yes,resident,door_001
2026-02-08T04:54:45.485349,resident_3,entry,0.857365235699573,yes,resident,door_001
2026-02-08T05:02:45.485349,resident_2,entry,0.8698624515811776,yes,resident,door_001
2026-02-08T05:58:45.485349,caregiver_2,entry,0.8786192374095224,yes,caregiver,door_001
2026-02-08T06:58:45.485349,caregiver_2,exit,0.8795727570908437,yes,caregiver,door_001
2026-02-08T07:03:45.485349,resident_2,exit,0.954455646680799,yes,resident,door_001
2026-02-08T08:59:45.485349,resident_1,exit,0.8752582500745196,yes,resident,door_001
2026-02-08T12:22:45.485349,resident_2,entry,0.9087765491270304,yes,resident,door_001
2026-02-08T12:29:45.485349,caregiver_1,entry,0.9349906410417421,yes,caregiver,door_001
2026-02-08T13:12:45.485349,caregiver_1,exit,0.8882433582110677,yes,caregiver,door_001
2026-02-08T13:56:45.485349,resident_1,entry,0.8975754519488162,yes,resident,door_001
2026-02-08T14:05:45.485349,caregiver_1,entry,0.8983241997673206,yes,caregiver,door_001
2026-02-08T14:09:45.485349,resident_1,exit,0.9717807789151013,yes,resident,door_001
2026-02-08T14:38:45.485349,caregiver_1,exit,0.8896545058112629,yes,caregiver,door_001
2026-02-08T14:40:45.485349,caregiver_2,entry,0.8931787148591759,yes,caregiver,door_001
2026-02-08T14:41:45.485349,resident_3,exit,0.8614214138544678,yes,resident,door_001
2026-02-08T15:17:45.485349,caregiver_2,exit,0.905336875452268,yes,caregiver,door_001
2026-02-08T16:08:45.485349,resident_2,exit,0.9018074329467806,yes,resident,door_001
2026-02-09T01:18:45.485349,resident_1,entry,0.5027054672992591,no,resident,door_001
2026-02-09T04:06:45.485349,resident_2,entry,0.903229042400133,yes,resident,door_001
2026-02-09T05:34:45.485349,resident_3,entry,0.910099800082117,yes,resident,door_001
2026-02-09T07:25:45.485349,caregiver_1,entry,0.9682278103740576,yes,caregiver,door_001
2026-02-09T07:31:45.485349,caregiver_2,entry,0.9213932887252161,yes,caregiver,door_001
2026-02-09T08:02:45.485349,caregiver_1,exit,0.910994713771656,yes,caregiver,door_001
2026-02-09T08:29:45.485349,caregiver_2,exit,0.9586719521054069,yes,caregiver,door_001
2026-02-09T09:19:45.485349,caregiver_2,entry,0.959076501604457,yes,caregiver,door_001
2026-02-09T09:51:45.485349,caregiver_2,exit,0.9214676598359007,yes,caregiver,door_001
2026-02-09T10:16:45.485349,resident_3,exit,0.8661242721729318,yes,resident,door_001
2026-02-09T11:18:45.485349,resident_3,entry,0.8740622452809297,yes,resident,door_001
2026-02-09T11:33:45.485349,resident_2,exit,0.9666695883387829,yes,resident,door_001
2026-02-09T12:31:45.485349,caregiver_1,entry,0.8610105922476003,yes,caregiver,door_001
2026-02-09T13:02:45.485349,resident_2,entry,0.9055899643946216,yes,resident,door_001
2026-02-09T13:28:45.485349,caregiver_1,exit,0.8934384386570206,yes,caregiver,door_001
2026-02-09T14:25:45.485349,resident_2,exit,0.8526238151219904,yes,resident,door_001
2026-02-09T17:51:45.485349,resident_3,exit,0.9465454057512266,yes,resident,door_001
2026-02-10T04:09:45.485349,resident_2,entry,0.9831808996811414,yes,resident,door_001
2026-02-10T04:13:45.485349,resident_1,entry,0.8643926338888868,yes,resident,door_001
2026-02-10T05:02:45.485349,resident_3,entry,0.9156489516936922,yes,resident,door_001
2026-02-10T07:39:45.485349,caregiver_1,entry,0.9709950047495335,yes,caregiver,door_001
2026-02-10T08:36:45.485349,caregiver_1,exit,0.8626415105618623,yes,caregiver,door_001
2026-02-10T09:35:45.485349,resident_3,exit,0.8578640968298309,yes,resident,door_001
2026-02-10T10:46:45.485349,resident_2,exit,0.9289229676602989,yes,resident,door_001
2026-02-10T11:17:45.485349,resident_3,entry,0.9146439481025036,yes,resident,door_001
2026-02-10T13:56:45.485349,caregiver_2,entry,0.9633742284777159,yes,caregiver,door_001
2026-02-10T14:01:45.485349,resident_3,exit,0.9016232639285737,yes,resident,door_001
2026-02-10T14:22:45.485349,caregiver_1,entry,0.9147796322498181,yes,caregiver,door_001
2026-02-10T14:41:45.485349,resident_2,entry,0.9793815961739922,yes,resident,door_001
2026-02-10T14:46:45.485349,caregiver_2,exit,0.8763535251096914,yes,caregiver,door_001
2026-02-10T15:09:45.485349,caregiver_1,exit,0.9835924067411906,yes,caregiver,door_001
2026-02-10T15:36:45.485349,resident_1,exit,0.8714017704608301,yes,resident,door_001
2026-02-10T16:53:45.485349,resident_2,exit,0.9859362289891425,yes,resident,door_001
2026-02-11T04:01:45.485349,resident_1,entry,0.9130732352621127,yes,resident,door_001
2026-02-11T04:19:45.485349,resident_3,entry,0.8614102782427038,yes,resident,door_001
2026-02-11T05:21:45.485349,resident_2,entry,0.9785111504763745,yes,resident,door_001
2026-02-11T08:40:45.485349,caregiver_1,entry,0.9483963221017588,yes,caregiver,door_001
2026-02-11T09:17:45.485349,resident_3,exit,0.9854775110769842,yes,resident,door_001
2026-02-11T09:40:45.485349,caregiver_1,exit,0.9534284540981276,yes,caregiver,door_001
2026-02-11T09:41:45.485349,resident_2,exit,0.9337040207336185,yes,resident,door_001
2026-02-11T09:43:45.485349,resident_1,exit,0.8618060784834389,yes,resident,door_001
2026-02-11T11:17:45.485349,caregiver_2,entry,0.8752368092027583,yes,caregiver,door_001
2026-02-11T11:53:45.485349,caregiver_2,exit,0.8978425283184167,yes,caregiver,door_001
2026-02-11T12:00:45.485349,resident_1,entry,0.8846841213037597,yes,resident,door_001
2026-02-11T13:02:45.485349,resident_2,entry,0.896156705716482,yes,resident,door_001
2026-02-11T14:03:45.485349,caregiver_1,entry,0.9404434749026883,yes,caregiver,door_001
2026-02-11T14:06:45.485349,resident_3,entry,0.9333057719412204,yes,resident,door_001
2026-02-11T14:17:45.485349,resident_3,exit,0.9282490898127489,yes,resident,door_001
2026-02-11T14:46:45.485349,caregiver_1,exit,0.921188388099193,yes,caregiver,door_001
2026-02-11T17:16:45.485349,resident_2,exit,0.8852794098952614,yes,resident,door_001
2026-02-11T17:26:45.485349,resident_1,exit,0.9233695974438244,yes,resident,door_001
2026-02-12T04:12:45.485349,resident_1,entry,0.989996726954424,yes,resident,door_001
2026-02-12T04:26:45.485349,resident_3,entry,0.9354833590976142,yes,resident,door_001
2026-02-12T04:40:45.485349,resident_2,entry,0.8971470120749994,yes,resident,door_001
2026-02-12T06:39:45.485349,caregiver_2,entry,0.9172826917646555,yes,caregiver,door_001
2026-02-12T07:20:45.485349,caregiver_2,exit,0.9276357043594203,yes,caregiver,door_001
2026-02-12T07:43:45.485349,caregiver_2,entry,0.9684249187426813,yes,caregiver,door_001
2026-02-12T08:36:45.485349,resident_2,exit,0.9027407819151534,yes,resident,door_001
2026-02-12T08:40:45.485349,caregiver_2,exit,0.8674548880749108,yes,caregiver,door_001
2026-02-12T10:12:45.485349,resident_3,exit,0.9247615609577565,yes,resident,door_001
2026-02-12T12:08:45.485349,caregiver_1,entry,0.9643647735413736,yes,caregiver,door_001
2026-02-12T12:09:45.485349,resident_2,entry,0.9663883079364776,yes,resident,door_001
2026-02-12T13:03:45.485349,caregiver_1,exit,0.934652882660745,yes,caregiver,door_001
2026-02-12T13:47:45.485349,caregiver_1,entry,0.8894480425785285,yes,caregiver,door_001
2026-02-12T13:49:45.485349,resident_3,entry,0.9598118335430487,yes,resident,door_001
2026-02-12T14:29:45.485349,caregiver_1,exit,0.920406936808261,yes,caregiver,door_001
2026-02-12T15:21:45.485349,resident_3,exit,0.9449629555091129,yes,resident,door_001
2026-02-12T15:44:45.485349,resident_2,exit,0.9112742767193686,yes,resident,door_001
2026-02-12T16:52:45.485349,resident_1,exit,0.960336824313996,yes,resident,door_001
2026-02-13T04:15:45.485349,resident_1,entry,0.657261727130839,no,resident,door_001
2026-02-13T05:03:45.485349,resident_2,entry,0.9824978568216465,yes,resident,door_001
2026-02-13T05:14:45.485349,resident_3,entry,0.7922370847488334,no,resident,door_001
2026-02-13T06:21:45.485349,resident_3,entry,0.5098656409348525,no,resident,door_001
2026-02-13T06:51:45.485349,resident_3,exit,0.7769832231187617,no,resident,door_001
2026-02-13T07:00:45.485349,resident_3,exit,0.8210886600644629,no,resident,door_001
2026-02-13T07:31:45.485349,caregiver_2,entry,0.9261714743899246,yes,caregiver,door_001
2026-02-13T08:16:45.485349,caregiver_1,entry,0.9100934450344667,yes,caregiver,door_001
2026-02-13T08:24:45.485349,resident_3,exit,0.5219825028538724,no,resident,door_001
2026-02-13T08:26:45.485349,caregiver_2,exit,0.9883664079835055,yes,caregiver,door_001
2026-02-13T08:40:45.485349,caregiver_2,entry,0.9435500864087488,yes,caregiver,door_001
2026-02-13T09:05:45.485349,caregiver_1,exit,0.8993942455476447,yes,caregiver,door_001
2026-02-13T09:13:45.485349,resident_3,exit,0.5426469208055161,no,resident,door_001
2026-02-13T09:26:45.485349,caregiver_2,exit,0.986451628733311,yes,caregiver,door_001
2026-02-13T12:26:45.485349,resident_3,entry,0.8170501211861447,no,resident,door_001
2026-02-13T12:36:45.485349,resident_3,entry,0.7211842297045998,no,resident,door_001
2026-02-13T12:42:45.485349,resident_3,entry,0.7655944041679625,no,resident,door_001
2026-02-13T13:21:45.485349,resident_3,entry,0.6351581413156082,no,resident,door_001
2026-02-13T13:44:45.485349,resident_3,exit,0.5389154011134835,no,resident,door_001
2026-02-13T17:54:45.485349,resident_2,exit,0.8989419109394108,yes,resident,door_001
2026-02-14T00:00:45.485349,resident_2,exit,0.691104810822692,no,resident,door_001
2026-02-14T04:51:45.485349,resident_3,entry,0.9590799630869594,yes,resident,door_001
2026-02-14T05:53:45.485349,resident_1,entry,0.915818910942188,yes,resident,door_001
2026-02-14T09:14:45.485349,resident_1,exit,0.9546243228187703,yes,resident,door_001
2026-02-14T09:54:45.485349,caregiver_1,entry,0.8558668318702535,yes,caregiver,door_001
2026-02-14T10:20:45.485349,caregiver_2,entry,0.9706993942656951,yes,caregiver,door_001
2026-02-14T10:38:45.485349,resident_3,exit,0.8755189197779423,yes,resident,door_001
2026-02-14T10:51:45.485349,caregiver_2,exit,0.971211758790928,yes,caregiver,door_001
2026-02-14T10:53:45.485349,caregiver_1,exit,0.8934106236111649,yes,caregiver,door_001
2026-02-14T12:02:45.485349,resident_3,entry,0.9502463080634672,yes,resident,door_001
2026-02-14T13:48:45.485349,resident_1,entry,0.8594583380838658,yes,resident,door_001
2026-02-14T14:28:45.485349,caregiver_2,entry,0.8854639271283664,yes,caregiver,door_001
2026-02-14T15:22:45.485349,caregiver_2,exit,0.940566069832105,yes,caregiver,door_001
2026-02-14T15:44:45.485349,resident_1,exit,0.9419946160015163,yes,resident,door_001
2026-02-14T17:00:45.485349,resident_3,exit,0.8910819599645043,yes,resident,door_001
